{"stats":{"minecraft:killed_by":{"minecraft:player":2,"zombie_extreme:infected_military":1},"minecraft:picked_up":{"minecraft:crafting_table":3,"minecraft:ladder":1,"minecraft:andesite":9,"minecraft:potato":3,"minecraft:weathered_cut_copper_stairs":1,"minecraft:dirt":18,"zombie_extreme:raw_steel":1,"zombie_extreme:raw_lead":2,"cgm:grenade":5,"minecraft:stone_bricks":10,"minecraft:cracked_stone_bricks":2,"minecraft:wheat_seeds":3,"farmersdelight:cabbage":4,"minecraft:spruce_planks":2,"minecraft:stone_pickaxe":1,"minecraft:mossy_stone_bricks":1,"zombie_extreme:oil_shale":6,"minecraft:sugar_cane":22,"farmersdelight:cabbage_seeds":11,"minecraft:stick":4,"minecraft:raw_iron":14,"minecraft:sweet_berries":2,"minecraft:spruce_sapling":14,"minecraft:diorite":15,"minecraft:spruce_log":81,"minecraft:carrot":48,"minecraft:coal":11,"minecraft:rail":1,"minecraft:cobblestone":101},"minecraft:dropped":{"minecraft:dirt":6,"minecraft:stone_pickaxe":1},"minecraft:crafted":{"minecraft:crafting_table":1,"minecraft:spruce_planks":324,"minecraft:iron_sword":1,"spartanweaponry:golden_boomerang":4,"minecraft:furnace":1,"spartanshields:stone_basic_shield":1,"thirst:terracotta_water_bowl":13,"minecraft:stone_axe":1,"minecraft:stick":8,"minecraft:iron_ingot":14,"spartanshields:wooden_basic_shield":1,"minecraft:torch":20},"minecraft:mined":{"minecraft:crafting_table":3,"minecraft:ladder":1,"minecraft:grass_block":4,"farmersdelight:cabbages":4,"minecraft:cobblestone":8,"minecraft:sugar_cane":11,"minecraft:diorite":15,"farmersdelight:sandy_shrub":1,"minecraft:carrots":13,"zombie_extreme:ore_lead":2,"minecraft:iron_ore":14,"minecraft:sweet_berry_bush":1,"minecraft:wheat":4,"zombie_extreme:ore_steel":1,"minecraft:spruce_log":85,"minecraft:andesite":9,"minecraft:grass":4,"minecraft:potatoes":1,"minecraft:coal_ore":11,"zombie_extreme:oil_shale_sand":6,"minecraft:rail":1,"minecraft:dirt":8,"minecraft:cracked_stone_bricks":2,"minecraft:stone":143,"minecraft:stone_bricks":10,"minecraft:mossy_stone_bricks":1},"minecraft:used":{"minecraft:diorite":15,"spartanweaponry:golden_boomerang":13,"minecraft:stone_pickaxe":15,"farmersdelight:cabbage_seeds":4,"minecraft:ladder":1,"minecraft:spruce_planks":7,"minecraft:iron_sword":3,"vanillaplustools:stone_hammer":29,"minecraft:dirt":11,"minecraft:crafting_table":4,"minecraft:carrot":75,"thirst:terracotta_water_bowl":14,"spartanshields:stone_basic_shield":7,"minecraft:iron_pickaxe":48,"minecraft:spruce_sapling":4,"minecraft:stone_bricks":7,"minecraft:stone_axe":92,"minecraft:sweet_berries":1,"mutantmonsters:hulk_hammer":20,"minecraft:furnace":1},"minecraft:custom":{"minecraft:interact_with_furnace":11,"spartanshields:shield_bash_hits":2,"minecraft:mob_kills":1,"minecraft:interact_with_anvil":2,"minecraft:interact_with_crafting_table":9,"minecraft:damage_dealt_resisted":58,"minecraft:interact_with_stonecutter":2,"minecraft:leave_game":1,"minecraft:time_since_death":3088,"minecraft:sleep_in_bed":3,"minecraft:climb_one_cm":11332,"minecraft:time_since_rest":3123,"minecraft:sprint_one_cm":159691,"minecraft:damage_taken":1428,"minecraft:walk_one_cm":217371,"minecraft:damage_blocked_by_shield":343,"minecraft:drop":2,"minecraft:damage_dealt":323,"minecraft:fly_one_cm":37123,"minecraft:open_chest":27,"minecraft:crouch_one_cm":310,"minecraft:play_time":78623,"minecraft:deaths":3,"minecraft:sneak_time":787,"minecraft:walk_under_water_one_cm":8897,"minecraft:jump":387,"minecraft:walk_on_water_one_cm":16321,"minecraft:total_world_time":78623,"minecraft:fall_one_cm":5803}},"DataVersion":3120}