{"stats":{"minecraft:killed_by":{"minecraft:zombified_piglin":1,"zombie_extreme:night_hunter":3,"minecraft:drowned":4,"zombie_extreme:chainsaw":1,"minecraft:zombie":8,"minecraft:cow":1,"minecraft:husk":1,"minecraft:player":2,"zombie_extreme:devastated":1,"zombie_extreme:military":1},"minecraft:picked_up":{"minecraft:wheat":24,"cgm:basic_bullet":2990,"minecraft:exposed_copper":1,"minecraft:anvil":2,"farmersdelight:rice_panicle":16,"minecraft:stone_brick_stairs":7,"minecraft:brewing_stand":1,"projectarsenal:ar15_classic":3,"farmersdelight:cutting_board":1,"minecraft:string":185,"minecraft:weathered_cut_copper_stairs":19,"minecraft:raw_copper":247,"minecraft:smooth_stone_slab":1,"minecraft:beetroot":5,"vanillaplustools:stone_shovel":1,"zombie_extreme:golf_club":1,"minecraft:cobbled_deepslate":1739,"minecraft:spruce_planks":522,"minecraft:cobblestone_slab":149,"spartanweaponry:iron_flanged_mace":1,"farmersdelight:cabbage_seeds":2,"minecraft:furnace":5,"zombie_extreme:ruby":2,"zombie_extreme:police_suit_helmet":1,"minecraft:spruce_pressure_plate":32,"zombie_extreme:raw_aluminum":3,"minecraft:stick":72,"bunker_down:airlock_iron_trapdoor":1,"minecraft:polished_deepslate_stairs":19,"minecraft:oak_fence":25,"minecraft:torch":120,"minecraft:acacia_log":9,"minecraft:spruce_stairs":130,"minecraft:porkchop":10,"minecraft:diorite":251,"horror_element_mod:herobrine_head":1,"mutantmonsters:hulk_hammer":2,"minecraft:quartz_block":55,"minecraft:stone_sword":1,"minecraft:light_gray_bed":7,"minecraft:rotten_flesh":321,"farmersdelight:onion":33,"farmersdelight:tree_bark":6,"zombie_extreme:rotten_apple":28,"minecraft:cyan_terracotta":1,"minecraft:deepslate_brick_stairs":124,"minecraft:iron_bars":7,"minecraft:cobblestone":5183,"minecraft:birch_log":11,"minecraft:enchanting_table":1,"minecraft:iron_door":2,"minecraft:andesite":301,"bunker_down:steel_vent":2,"minecraft:potato":54,"farmersdelight:bacon":4,"minecraft:flint":3,"minecraft:tuff":108,"minecraft:lapis_lazuli":107,"farmersdelight:tomato":3,"minecraft:dirt":1868,"minecraft:lantern":1,"spartanweaponry:iron_rapier":2,"minecraft:bone":5,"minecraft:exposed_cut_copper_stairs":4,"zombie_extreme:washing_machine":1,"taccraft:assault_vest_boots":1,"spartanweaponry:iron_greatsword":3,"minecraft:wheat_seeds":159,"minecraft:raw_gold":8,"minecraft:mossy_stone_bricks":13,"minecraft:oak_planks":22,"spartanweaponry:iron_saber":3,"minecraft:sand":254,"minecraft:ink_sac":5,"minecraft:fermented_spider_eye":1,"minecraft:light_gray_concrete":20,"minecraft:light_gray_terracotta":20,"minecraft:sugar":1,"minecraft:deepslate":49,"minecraft:diamond":14,"minecraft:slime_block":3,"scorchedguns:ooz_96":1,"minecraft:granite":392,"minecraft:bread":7,"minecraft:oak_sapling":59,"zombie_extreme:titan_nugget":1,"minecraft:bricks":2,"minecraft:crafting_table":2,"minecraft:allium":9,"minecraft:ladder":1,"minecraft:brown_mushroom":26,"minecraft:wooden_pickaxe":1,"zombie_extreme:raw_tin":13,"minecraft:stone_brick_wall":31,"zombie_extreme:juggernaut_suit_helmet":2,"minecraft:brick":6,"minecraft:cornflower":2,"minecraft:stone_stairs":5,"minecraft:cracked_stone_bricks":11,"minecraft:beef":15,"farmersdelight:straw":20,"minecraft:spruce_slab":15,"minecraft:sugar_cane":2,"minecraft:chest":4,"minecraft:birch_sapling":6,"minecraft:spruce_trapdoor":1,"minecraft:egg":9,"minecraft:raw_iron":159,"minecraft:stone":64,"zombie_extreme:soda_used":1,"minecraft:copper_ingot":1,"minecraft:spruce_fence":127,"scorchedguns:wooden_stock":1,"zombie_extreme:canned_stew":1,"minecraft:carrot":75,"minecraft:redstone":15,"zombie_extreme:green_apple":1,"minecraft:stone_shovel":1,"minecraft:beetroot_seeds":11,"k_turrets:raw_titanium":15,"sophisticatedbackpacks:copper_backpack":1,"minecraft:mutton":8,"minecraft:oxeye_daisy":1,"minecraft:white_wool":20,"minecraft:stripped_oak_log":49,"minecraft:oxidized_cut_copper_stairs":1,"taccraft:assault_vest_helmet":1,"minecraft:leather":10,"spartanweaponry:iron_longsword":2,"minecraft:red_mushroom":33,"minecraft:birch_planks":3,"minecraft:oak_log":186,"zombie_extreme:bronze_nugget":2,"minecraft:yellow_bed":2,"minecraft:cobblestone_wall":4,"minecraft:gunpowder":2069,"minecraft:paper":1,"zombie_extreme:raw_steel":8,"minecraft:white_banner":1,"zombie_extreme:raw_lead":10,"farmersdelight:organic_compost":6,"minecraft:apple":4,"minecraft:stone_bricks":253,"thirst:terracotta_water_bowl":1,"farmersdelight:apple_cider":39,"minecraft:iron_ingot":52,"minecraft:stone_pickaxe":2,"zombie_extreme:magnetic_card":1,"zombie_extreme:cloth":5,"minecraft:glass_bottle":2,"spartanweaponry:iron_dagger":1,"minecraft:iron_sword":1,"minecraft:acacia_sapling":5,"taccraft:assault_vest_leggings":1,"minecraft:book":36,"minecraft:sweet_berries":206,"minecraft:stone_brick_slab":129,"minecraft:quartz":2,"minecraft:dandelion":1,"minecraft:gravel":117,"minecraft:spruce_sapling":8,"minecraft:white_bed":5,"minecraft:spruce_log":246,"minecraft:spruce_door":2,"taccraft:assault_vest_chestplate":1,"minecraft:stone_axe":3,"vanillaplustools:stone_hammer":3,"minecraft:baked_potato":23,"minecraft:melon_seeds":4,"minecraft:coal":274,"minecraft:ender_pearl":1},"minecraft:killed":{"zombie_extreme:night_hunter":10,"zombie_extreme:infected_juggernaut":3,"minecraft:zombie_horse":1,"zombie_extreme:divided":2,"minecraft:bee":1,"minecraft:chicken":1,"zombie_extreme:ram":1,"minecraft:pig":2,"minecraft:zombie_villager":3,"zombie_extreme:infected_hazmat":7,"minecraft:salmon":1,"zombie_extreme:bomber":6,"zombie_extreme:chainsaw":10,"minecraft:sheep":8,"minecraft:pillager":6,"minecraft:zombie":268,"zombie_extreme:infected_police":12,"zombie_extreme:devastated":1,"mutantmonsters:mutant_creeper":1,"zombie_extreme:fetus":3,"minecraft:cow":8,"hordes:zombie_player":1,"zombie_extreme:demolisher":1,"kevin_trophy:spitter_zombie":2,"minecraft:drowned":33,"zombie_extreme:runner":15,"zombie_extreme:crawler":10,"minecraft:husk":30,"zombie_extreme:boomer":12,"zombie_extreme:infected":19,"zombie_extreme:infected_military":5,"zombie_extreme:military":3,"kevin_trophy:crawler_zombie":2,"zombie_extreme:assasin_black_ops":1,"mutantmonsters:mutant_zombie":1},"minecraft:dropped":{"minecraft:iron_sword":1,"minecraft:porkchop":1,"scorchedguns:wooden_stock":1,"minecraft:lapis_lazuli":14,"minecraft:oak_log":26,"minecraft:baked_potato":23,"minecraft:exposed_cut_copper_stairs":2,"minecraft:glass_bottle":7,"minecraft:diamond":1,"zombie_extreme:washing_machine":1,"minecraft:leather":1,"minecraft:cracked_stone_bricks":1,"zombie_extreme:green_apple":1,"zombie_extreme:rotten_apple":18,"minecraft:flint":2,"minecraft:dirt":26,"zombie_extreme:soda_used":1,"minecraft:sugar":1,"minecraft:white_wool":1,"minecraft:bone":1,"minecraft:gravel":34,"zombie_extreme:canned_stew":1,"minecraft:stone_axe":1,"zombie_extreme:raw_aluminum":3,"mutantmonsters:hulk_hammer":1,"vanillaplustools:stone_shovel":3,"minecraft:cobbled_deepslate":1097,"minecraft:rotten_flesh":10,"minecraft:oak_planks":1,"spartanweaponry:iron_saber":2,"minecraft:enchanted_golden_apple":64,"minecraft:carrot":15,"minecraft:gunpowder":2874,"cgm:basic_bullet":358,"spartanweaponry:iron_longsword":2,"minecraft:beetroot_seeds":11,"minecraft:quartz_block":35,"minecraft:leather_boots":1,"vanillaplustools:stone_hammer":3,"minecraft:spruce_slab":2,"minecraft:iron_bars":1,"minecraft:glass":64,"minecraft:weathered_cut_copper_stairs":14,"minecraft:stone_brick_stairs":13,"minecraft:stone_hoe":1,"minecraft:iron_ingot":41,"spartanweaponry:handle":3,"minecraft:wheat_seeds":95,"minecraft:oak_fence":27,"minecraft:cobblestone":2628,"farmersdelight:tree_bark":6,"zombie_extreme:cloth":2,"minecraft:granite":364,"spartanweaponry:stone_longsword":1,"minecraft:stick":25,"minecraft:lava_bucket":1,"minecraft:deepslate_brick_stairs":16,"spartanweaponry:iron_flanged_mace":1,"minecraft:diorite":119,"minecraft:torch":4,"minecraft:wooden_axe":1,"spartanweaponry:iron_greatsword":3,"zombie_extreme:raw_lead":8,"thirst:terracotta_bowl":1,"farmersdelight:bacon":4,"minecraft:white_banner":1,"simpleshops:creative_simple_shop":64,"minecraft:string":174,"minecraft:bucket":1,"scorchedguns:ooz_96":2,"minecraft:stone_brick_slab":50,"minecraft:spruce_sapling":5,"minecraft:dandelion":1,"minecraft:polished_deepslate":6,"minecraft:furnace":1,"minecraft:zombie_spawn_egg":1,"minecraft:sweet_berries":35,"minecraft:cobblestone_wall":1,"minecraft:stone_sword":1,"minecraft:raw_copper":40,"minecraft:smooth_stone_slab":1,"minecraft:light_gray_terracotta":2,"minecraft:bowl":4,"minecraft:tuff":108,"minecraft:cut_copper_stairs":64,"minecraft:raw_iron":1,"zombie_extreme:ruby":2,"projectarsenal:ar15_classic":1,"thirst:terracotta_water_bowl":25,"minecraft:spruce_fence":117,"minecraft:cobblestone_slab":148,"minecraft:stone":3,"minecraft:allium":9,"minecraft:spruce_planks":16,"simpleshops:simple_shop":64,"minecraft:andesite":206,"horror_element_mod:herobrine_head":1,"minecraft:light_gray_bed":1,"cgm:bazooka":1,"minecraft:oak_sapling":42,"minecraft:stone_bricks":2,"zombie_extreme:police_suit_helmet":1,"minecraft:stone_pickaxe":2,"minecraft:wooden_pickaxe":2,"farmersdelight:apple_cider":55,"zombie_extreme:raw_tin":12,"minecraft:brick":1},"minecraft:crafted":{"minecraft:oak_planks":424,"minecraft:cobblestone_slab":84,"spartanshields:wooden_tower_shield":1,"minecraft:stone":64,"securitycraft:keypad_item":2,"k_turrets:titanium_ingot":29,"minecraft:heavy_weighted_pressure_plate":2,"minecraft:cooked_mutton":14,"minecraft:stone_brick_slab":192,"minecraft:bow":4,"minecraft:melon_seeds":2,"minecraft:chest":18,"vanillaplustools:stone_shovel":4,"minecraft:stone_bricks":256,"minecraft:oak_fence":48,"minecraft:crafting_table":13,"minecraft:spruce_planks":1280,"farmersdelight:iron_knife":1,"minecraft:baked_potato":13,"minecraft:wooden_pickaxe":1,"minecraft:copper_ingot":147,"minecraft:acacia_button":2,"minecraft:birch_planks":44,"minecraft:pumpkin_seeds":4,"minecraft:dispenser":4,"minecraft:stone_brick_stairs":12,"minecraft:stick":676,"minecraft:iron_ingot":102,"minecraft:iron_pickaxe":2,"minecraft:stone_sword":3,"minecraft:gold_ingot":15,"minecraft:shears":1,"minecraft:stone_shovel":38,"minecraft:stone_brick_wall":30,"vanillaplustools:stone_hammer":9,"minecraft:leather_boots":1,"minecraft:iron_nugget":36,"minecraft:polished_deepslate_stairs":20,"minecraft:furnace":2,"minecraft:stone_button":16,"minecraft:mushroom_stew":1,"minecraft:spruce_fence":192,"spartanshields:stone_tower_shield":1,"minecraft:stone_stairs":76,"spartanweaponry:stone_longsword":1,"minecraft:polished_deepslate":32,"minecraft:stone_pickaxe":85,"cgm:workbench":2,"minecraft:cooked_beef":7,"k_turrets:cobble_turret_item":3,"minecraft:bowl":4,"spartanweaponry:handle":4,"thirst:terracotta_water_bowl":322,"minecraft:stone_axe":3,"farmersdelight:sweet_berry_cookie":8,"minecraft:air":0,"minecraft:oak_boat":1,"minecraft:white_wool":1,"minecraft:gold_nugget":9,"minecraft:wooden_axe":1,"minecraft:white_bed":1,"minecraft:acacia_planks":36,"minecraft:torch":96,"k_turrets:bullet_turret_item":1},"minecraft:broken":{"spartanshields:stone_tower_shield":1,"taccraft:assault_vest_boots":1,"taccraft:assault_vest_helmet":1,"minecraft:stone_pickaxe":2,"minecraft:stone_axe":4,"taccraft:assault_vest_leggings":1,"minecraft:stone_sword":1,"taccraft:assault_vest_chestplate":1,"vanillaplustools:stone_hammer":6,"minecraft:iron_pickaxe":1},"minecraft:mined":{"minecraft:spruce_planks":168,"minecraft:oak_sapling":1,"minecraft:white_bed":4,"minecraft:farmland":160,"minecraft:brewing_stand":1,"minecraft:spruce_trapdoor":1,"minecraft:granite":388,"minecraft:acacia_log":9,"minecraft:grass_block":941,"minecraft:stone_brick_wall":19,"zombie_extreme:deepslate_lead":8,"minecraft:light_gray_bed":6,"minecraft:spawner":9,"minecraft:light_blue_stained_glass":17,"minecraft:tall_seagrass":5,"minecolonies:blockconstructiontape":2,"minecraft:iron_ore":114,"minecraft:cobbled_deepslate":1,"zombie_extreme:ore_steel":8,"minecraft:anvil":2,"minecraft:enchanting_table":1,"zombie_extreme:deepslate_tin":9,"minecraft:dirt_path":17,"minecraft:deepslate_brick_stairs":1,"minecraft:iron_bars":3,"minecraft:light_gray_concrete":20,"farmersdelight:rice_panicles":18,"minecraft:spruce_slab":1,"zombie_extreme:washing_machine":1,"minecraft:deepslate_redstone_ore":3,"minecraft:brown_mushroom":9,"minecraft:quartz_block":16,"minecraft:cyan_terracotta":1,"farmersdelight:organic_compost":6,"minecraft:polished_deepslate_stairs":5,"minecraft:torch":9,"minecraft:light_gray_terracotta":1,"minecraft:chest":3,"minecraft:white_stained_glass_pane":1,"farmersdelight:brown_mushroom_colony":4,"zombie_extreme:barbed_fence":1,"minecraft:cobblestone":189,"minecraft:oak_planks":21,"minecraft:iron_door":3,"minecraft:wall_torch":7,"minecraft:seagrass":1,"minecraft:stone_stairs":2,"zombie_extreme:deepslate_ruby":1,"zombie_extreme:metal_fence":1,"zombie_extreme:thorium_ore":1,"minecraft:birch_log":11,"minecraft:wheat":7,"minecraft:stone_brick_stairs":5,"zombie_extreme:deepslate_steel":4,"minecraft:smooth_stone_slab":1,"minecraft:grass":271,"minecraft:oak_log":142,"minecraft:beetroots":5,"minecraft:sand":179,"minecraft:dirt":88,"minecraft:deepslate":3176,"minecraft:oak_leaves":2,"minecraft:tuff":114,"minecraft:blue_stained_glass_pane":2,"minecraft:deepslate_diamond_ore":12,"minecolonies:blockhuttownhall":1,"farmersdelight:wild_carrots":16,"minecraft:ladder":1,"minecraft:white_stained_glass":1,"minecraft:spruce_leaves":3,"farmersdelight:wild_cabbages":2,"minecraft:red_mushroom":7,"farmersdelight:red_mushroom_colony":4,"horror_element_mod:herobrine_head":1,"minecraft:large_fern":6,"farmersdelight:wild_onions":4,"minecraft:furnace":3,"minecraft:carrots":15,"zombie_extreme:ore_lead":1,"minecraft:andesite":250,"bunker_down:steel_vent":2,"minecraft:bookshelf":12,"minecraft:potatoes":5,"minecraft:cobblestone_slab":1,"minecraft:deepslate_iron_ore":11,"minecraft:stripped_oak_log":1,"minecraft:stone":4498,"zombie_extreme:deepslate_aluminum":3,"minecraft:podzol":57,"zombie_extreme:ore_aluminum":1,"minecolonies:blockminecoloniesgrave":1,"minecraft:stone_brick_slab":59,"minecraft:dandelion":2,"minecraft:oak_fence":25,"minecraft:crafting_table":2,"minecraft:cornflower":1,"minecraft:copper_ore":65,"minecraft:tall_grass":29,"minecraft:lapis_ore":11,"minecraft:deepslate_gold_ore":8,"minecraft:diorite":295,"minecraft:birch_planks":4,"zombie_extreme:ore_tin":4,"minecraft:cobblestone_wall":4,"minecraft:sweet_berry_bush":57,"minecraft:spruce_log":59,"minecraft:yellow_bed":2,"k_turrets:titanium_ore":15,"minecraft:coal_ore":244,"minecraft:gravel":50,"minecraft:cobweb":2,"minecraft:cracked_stone_bricks":9,"minecraft:stone_bricks":96,"minecraft:mossy_stone_bricks":4},"minecraft:used":{"spartanweaponry:stone_longsword":88,"farmersdelight:cabbage_seeds":2,"minecraft:chest":22,"minecraft:stone":292,"minecraft:iron_sword":267,"minecraft:zombie_spawn_egg":1,"securitycraft:keypad_item":2,"minecraft:carrot":79,"minecraft:weathered_cut_copper_stairs":1,"minecraft:acacia_button":2,"minecraft:polished_deepslate_stairs":11,"farmersdelight:sweet_berry_cookie":8,"minecraft:milk_bucket":2,"minecraft:glass":93,"spartanweaponry:iron_longsword":20,"minecraft:lava_bucket":1,"farmersdelight:tomato":1,"scorchedguns:steyr_smg":28,"minecraft:quartz_block":10,"minecraft:stone_brick_stairs":4,"minecraft:stone_bricks":347,"minecraft:sweet_berries":222,"mutantmonsters:hulk_hammer":25,"minecraft:oak_sapling":16,"minecraft:furnace":3,"minecraft:egg":2,"k_turrets:bullet_turret_item":1,"minecraft:potato":18,"spartanweaponry:iron_greatsword":34,"bunker_down:steel_vent":2,"minecraft:mossy_stone_bricks":2,"minecraft:diorite":27,"minecraft:cow_spawn_egg":2,"minecraft:stone_pickaxe":635,"minecraft:oak_planks":37,"minecraft:wooden_pickaxe":15,"farmersdelight:organic_compost":6,"minecraft:sand":9,"simpleshops:simple_shop":5,"minecraft:mushroom_stew":1,"minecraft:light_gray_terracotta":2,"cgm:bazooka":6,"spartanshields:stone_tower_shield":90,"minecraft:stone_brick_wall":35,"minecraft:pumpkin_seeds":4,"minecraft:deepslate_brick_stairs":108,"minecraft:exposed_copper":1,"spartanweaponry:iron_saber":44,"minecraft:bread":11,"minecraft:iron_door":1,"minecraft:andesite":51,"projectarsenal:ar15_classic":2292,"minecraft:oak_boat":1,"minecraft:cobweb":8,"scorchedguns:ooz_96":48,"k_turrets:cobble_turret_item":3,"minecraft:oak_fence":25,"zombie_extreme:butcher_knife":9,"minecraft:enchanting_table":1,"minecraft:stone_sword":243,"minecraft:stone_shovel":48,"minecraft:spruce_planks":624,"vanillaplustools:stone_hammer":1011,"minecraft:stone_hoe":11,"minecraft:cut_copper_stairs":3,"minecraft:exposed_cut_copper_stairs":2,"minecraft:torch":93,"minecraft:dirt":800,"cgm:workbench":2,"minecraft:cobblestone_wall":16,"minecraft:stone_stairs":75,"minecraft:spruce_fence":75,"minecraft:granite":3,"minecraft:stone_brick_slab":186,"minecraft:wooden_axe":6,"minecraft:melon_seeds":2,"minecraft:beef":1,"farmersdelight:tomato_seeds":12,"minecraft:cooked_beef":7,"minecraft:acacia_planks":1,"minecraft:light_gray_bed":5,"minecraft:wheat_seeds":19,"minecraft:cooked_mutton":14,"farmersdelight:iron_knife":99,"minecraft:water_bucket":6,"minecraft:birch_planks":5,"minecraft:baked_potato":66,"minecraft:brown_mushroom":8,"minecraft:cobblestone_slab":1,"zombie_extreme:rotten_apple":1,"minecraft:sheep_spawn_egg":2,"minecraft:cracked_stone_bricks":3,"farmersdelight:onion":4,"minecraft:crafting_table":14,"minecraft:red_mushroom":11,"vanillaplustools:stone_shovel":218,"minecraft:white_bed":6,"thirst:terracotta_water_bowl":204,"minecraft:oak_log":22,"farmersdelight:apple_cider":12,"minecraft:apple":9,"minecraft:iron_pickaxe":332,"minecraft:pig_spawn_egg":2,"simpleshops:creative_simple_shop":9,"minecraft:spruce_sapling":2,"minecraft:stone_axe":672,"minecraft:cobblestone":480,"minecraft:porkchop":1,"minecraft:bucket":6,"minecraft:yellow_bed":3,"minecraft:stripped_oak_log":41},"minecraft:custom":{"minecraft:animals_bred":1,"minecraft:interact_with_crafting_table":77,"minecraft:open_barrel":4,"minecraft:leave_game":17,"minecraft:time_since_death":42998,"minecraft:sprint_one_cm":1801517,"minecraft:damage_blocked_by_shield":2084,"minecraft:drop":356,"minecraft:play_time":738471,"minecraft:deaths":26,"minecraft:jump":9464,"minecraft:walk_on_water_one_cm":116804,"minecraft:enchant_item":1,"minecraft:interact_with_furnace":259,"minecraft:sleep_in_bed":16,"minecraft:damage_dealt":28338,"minecraft:player_kills":4,"minecraft:crouch_one_cm":123837,"minecraft:interact_with_smoker":3,"minecraft:interact_with_anvil":2,"minecraft:mob_kills":502,"minecraft:damage_dealt_resisted":7033,"minecraft:climb_one_cm":59931,"minecraft:walk_one_cm":2449939,"minecraft:sneak_time":42466,"minecraft:walk_under_water_one_cm":57274,"minecraft:boat_one_cm":47898,"minecraft:interact_with_blast_furnace":26,"minecraft:total_world_time":738915,"spartanshields:shield_bash_hits":3,"minecraft:time_since_rest":43022,"minecraft:damage_taken":12767,"minecraft:damage_absorbed":40,"minecraft:swim_one_cm":148066,"minecraft:fly_one_cm":2013779,"minecraft:open_chest":228,"minecraft:fall_one_cm":145107}},"DataVersion":3120}