{"stats":{"minecraft:used":{"minecraft:spruce_slab":14,"farmersdelight:cabbage_seeds":127,"minecraft:ladder":3,"minecraft:chest":44,"minecraft:stone":294,"securitycraft:keypad_item":6,"minecraft:weathered_cut_copper_stairs":1,"minecraft:acacia_button":2,"automobility:automobile_assembler":2,"minecraft:spruce_boat":5,"spartanweaponry:iron_longsword":20,"minecraft:lava_bucket":2,"minecraft:villager_spawn_egg":2,"scorchedguns:steyr_smg":64,"minecraft:quartz_block":10,"farmersdelight:rotten_tomato":1,"minecraft:stone_brick_stairs":4,"minecraft:sweet_berries":222,"mutantmonsters:hulk_hammer":25,"minecraft:oak_sapling":16,"minecraft:furnace":8,"minecraft:egg":2,"k_turrets:bullet_turret_item":1,"minecraft:potato":134,"spartanweaponry:iron_greatsword":34,"bunker_down:steel_vent":2,"minecraft:mossy_stone_bricks":2,"minecraft:diorite":27,"minecraft:cow_spawn_egg":2,"securitycraft:door_indestructible_iron_item":1,"securitycraft:reinforced_spruce_planks":1,"minecraft:wooden_pickaxe":15,"securitycraft:keypad_frame":2,"minecraft:composter":2,"farmersdelight:pumpkin_slice":4,"minecraft:sand":9,"simpleshops:simple_shop":5,"securitycraft:universal_block_remover":19,"farmersdelight:rice":10,"minecraft:pumpkin_seeds":6,"minecraft:deepslate_brick_stairs":108,"automobility:auto_mechanic_table":1,"minecraft:lectern":3,"minecraft:diamond_sword":14,"minecraft:smithing_table":1,"projectarsenal:ar15_classic":7168,"minecraft:oak_boat":6,"cgm:mini_gun":2737,"securitycraft:whitelist_module":5,"scorchedguns:ooz_96":48,"k_turrets:cobble_turret_item":3,"minecraft:iron_bars":4,"minecraft:enchanting_table":1,"minecraft:stone_sword":261,"farmersdelight:vegetable_noodles":5,"vanillaplustools:stone_hammer":1011,"minecraft:exposed_cut_copper_stairs":2,"minecraft:torch":133,"minecraft:anvil":1,"minecraft:stone_stairs":76,"minecraft:melon_seeds":11,"minecraft:smooth_basalt":12,"minecraft:beef":4,"farmersdelight:cooking_pot":1,"farmersdelight:tomato_seeds":27,"minecraft:acacia_planks":1,"minecraft:wheat_seeds":130,"farmersdelight:iron_knife":99,"minecraft:water_bucket":17,"minecraft:birch_planks":5,"minecraft:sheep_spawn_egg":2,"minecraft:cracked_stone_bricks":3,"minecraft:crafting_table":18,"vanillaplustools:stone_shovel":218,"minecraft:white_bed":8,"thirst:terracotta_water_bowl":204,"minecraft:oak_log":22,"minecraft:diamond_pickaxe":14,"minecraft:diamond_shovel":349,"minecraft:iron_pickaxe":332,"minecraft:pig_spawn_egg":2,"minecraft:spruce_sapling":110,"minecraft:cobblestone":556,"minecraft:potion":47,"vanillaplustools:iron_hammer":709,"minecraft:porkchop":1,"minecraft:stripped_oak_log":41,"spartanweaponry:stone_longsword":88,"minecraft:diamond_hoe":182,"farmersdelight:stove":1,"minecraft:iron_sword":267,"minecraft:zombie_spawn_egg":1,"minecraft:carrot":183,"farmersdelight:sweet_berry_cookie":8,"minecraft:milk_bucket":2,"minecraft:polished_deepslate_stairs":11,"minecraft:glass":93,"farmersdelight:tomato":1,"minecraft:stone_bricks":355,"farmersdelight:cutting_board":1,"minecraft:stone_pickaxe":653,"minecraft:oak_planks":40,"minecraft:sugar_cane":1,"minecraft:diamond_axe":1045,"farmersdelight:organic_compost":6,"minecraft:mushroom_stew":1,"minecraft:light_gray_terracotta":2,"cgm:bazooka":6,"spartanshields:stone_tower_shield":90,"minecraft:stone_brick_wall":35,"minecraft:exposed_copper":1,"spartanweaponry:iron_saber":44,"minecraft:melon_slice":33,"minecraft:bread":11,"minecraft:iron_door":1,"scorchedguns:vidas_smg":1416,"minecraft:andesite":52,"minecraft:air":1,"minecraft:cobweb":8,"minecraft:oak_fence":25,"zombie_extreme:butcher_knife":9,"minecraft:stone_shovel":48,"minecraft:spruce_planks":666,"securitycraft:keypad_door_item":3,"farmersdelight:rich_soil":180,"minecraft:stone_hoe":11,"securitycraft:reinforced_iron_bars":198,"minecraft:cut_copper_stairs":3,"minecraft:dirt":1244,"cgm:workbench":2,"minecraft:cobblestone_wall":16,"minecraft:spruce_fence":147,"minecraft:granite":3,"minecraft:stone_brick_slab":191,"minecraft:wooden_axe":6,"minecraft:cooked_beef":7,"minecraft:light_gray_bed":5,"minecraft:cooked_mutton":18,"minecraft:glass_bottle":130,"minecraft:baked_potato":126,"minecraft:brown_mushroom":17,"zombie_extreme:rotten_apple":1,"minecraft:cobblestone_slab":1,"farmersdelight:onion":92,"minecraft:red_mushroom":20,"farmersdelight:apple_cider":32,"minecraft:apple":10,"simpleshops:creative_simple_shop":9,"minecraft:stone_axe":834,"minecraft:bucket":57,"minecraft:yellow_bed":3},"minecraft:killed":{"zombie_extreme:night_hunter":10,"minecraft:zombie_horse":16,"zombie_extreme:goon":1,"minecraft:chicken":3,"zombie_extreme:ram":1,"zombie_extreme:infected_hazmat":7,"minecraft:salmon":8,"minecraft:iron_golem":1,"zombie_extreme:chainsaw":13,"minecraft:pillager":15,"minecraft:zombie":1205,"mutantmonsters:mutant_creeper":1,"minecraft:cow":13,"hordes:zombie_player":1,"zombie_extreme:demolisher":1,"minecraft:zoglin":1,"zombie_extreme:runner":19,"zombie_extreme:crawler":13,"minecraft:husk":96,"zombie_extreme:boomer":13,"zombie_extreme:infected_military":7,"zombie_extreme:military":3,"zombie_extreme:assasin_black_ops":1,"minecraft:zombified_piglin":14,"zombie_extreme:infected_juggernaut":4,"zombie_extreme:divided":2,"minecraft:bee":1,"minecraft:pig":4,"minecraft:zombie_villager":3,"zombie_extreme:bomber":7,"minecraft:sheep":12,"zombie_extreme:infected_police":16,"zombie_extreme:devastated":1,"zombie_extreme:fetus":4,"minecraft:drowned":192,"kevin_trophy:spitter_zombie":2,"zombie_extreme:infected":24,"minecraft:squid":4,"kevin_trophy:crawler_zombie":2,"mutantmonsters:mutant_zombie":2},"minecraft:broken":{"minecraft:golden_boots":1,"spartanshields:stone_tower_shield":1,"taccraft:assault_vest_helmet":1,"taccraft:assault_vest_leggings":1,"minecraft:stone_sword":1,"taccraft:assault_vest_chestplate":1,"vanillaplustools:stone_hammer":6,"minecraft:iron_pickaxe":1,"taccraft:assault_vest_boots":1,"minecraft:leather_leggings":1,"minecraft:stone_pickaxe":2,"minecraft:stone_axe":5,"minecraft:golden_chestplate":1},"minecraft:mined":{"minecraft:white_bed":6,"minecraft:granite":709,"minecraft:acacia_log":9,"minecraft:stone_brick_wall":19,"zombie_extreme:deepslate_lead":8,"minecraft:light_gray_bed":6,"minecraft:spawner":9,"minecraft:light_blue_stained_glass":17,"minecraft:tall_seagrass":5,"minecraft:cobbled_deepslate":1,"zombie_extreme:ore_steel":9,"minecraft:pumpkin":1,"minecraft:enchanting_table":1,"zombie_extreme:deepslate_tin":9,"minecraft:dirt_path":20,"minecraft:deepslate_brick_stairs":1,"minecraft:light_gray_concrete":20,"farmersdelight:rice_panicles":40,"zombie_extreme:washing_machine":1,"minecraft:brown_mushroom":9,"minecraft:amethyst_cluster":3,"minecraft:torch":14,"minecraft:melon":15,"minecraft:white_stained_glass_pane":1,"farmersdelight:cabbages":89,"minecraft:sugar_cane":102,"minecraft:amethyst_block":185,"zombie_extreme:deepslate_ruby":1,"zombie_extreme:metal_fence":1,"zombie_extreme:thorium_ore":1,"minecraft:wheat":84,"zombie_extreme:ore_ruby":4,"zombie_extreme:deepslate_steel":4,"minecraft:stone_brick_stairs":5,"minecraft:grass":341,"minecraft:smooth_basalt":161,"minecraft:deepslate":3176,"minecraft:blue_stained_glass_pane":2,"farmersdelight:wild_carrots":25,"minecraft:spruce_fence":72,"farmersdelight:wild_cabbages":2,"minecraft:red_mushroom":7,"farmersdelight:wild_onions":4,"zombie_extreme:ore_lead":2,"minecraft:andesite":798,"bunker_down:steel_vent":2,"minecraft:potatoes":83,"minecraft:cobblestone_slab":1,"zombie_extreme:deepslate_aluminum":3,"minecraft:smithing_table":1,"minecraft:stone_brick_slab":59,"minecraft:dandelion":4,"minecraft:cornflower":1,"minecraft:tall_grass":81,"minecraft:copper_ore":137,"minecraft:deepslate_gold_ore":8,"minecraft:diorite":392,"zombie_extreme:ore_tin":12,"minecraft:cobblestone_wall":4,"minecraft:spruce_log":1013,"minecraft:gravel":58,"minecraft:cobweb":2,"minecraft:stone_bricks":96,"minecraft:spruce_planks":299,"farmersdelight:rich_soil":16,"minecraft:oak_sapling":1,"minecraft:farmland":161,"minecraft:brewing_stand":1,"minecraft:spruce_trapdoor":3,"minecraft:budding_amethyst":16,"minecraft:grass_block":1130,"minecraft:composter":1,"automobility:automobile_assembler":1,"minecolonies:blockconstructiontape":2,"farmersdelight:rice":1,"minecraft:iron_ore":201,"minecraft:anvil":2,"minecraft:iron_bars":3,"minecraft:spruce_slab":2,"minecraft:deepslate_redstone_ore":3,"minecraft:quartz_block":16,"minecraft:cyan_terracotta":1,"farmersdelight:organic_compost":6,"minecraft:polished_deepslate_stairs":5,"minecraft:clay":24,"minecraft:light_gray_terracotta":1,"minecraft:calcite":233,"minecraft:chest":3,"farmersdelight:brown_mushroom_colony":10,"zombie_extreme:barbed_fence":1,"minecraft:cobblestone":196,"minecraft:oak_planks":21,"minecraft:iron_door":5,"minecraft:wall_torch":10,"minecraft:seagrass":1,"minecraft:stone_stairs":2,"minecraft:birch_log":11,"minecraft:smooth_stone_slab":1,"minecraft:oak_log":154,"minecraft:beetroots":5,"minecraft:sand":267,"minecraft:dirt":132,"minecraft:oak_leaves":2,"minecraft:tuff":114,"farmersdelight:onions":49,"minecolonies:blockhuttownhall":1,"minecraft:deepslate_diamond_ore":12,"minecraft:ladder":1,"minecraft:white_stained_glass":1,"farmersdelight:tomatoes":6,"minecraft:spruce_leaves":10,"farmersdelight:red_mushroom_colony":10,"horror_element_mod:herobrine_head":1,"minecraft:large_fern":6,"minecraft:hay_block":13,"minecraft:spruce_sapling":4,"minecraft:furnace":8,"minecraft:carrots":65,"minecraft:bookshelf":12,"minecraft:deepslate_iron_ore":11,"minecraft:stripped_oak_log":1,"minecraft:stone":7878,"zombie_extreme:ore_aluminum":1,"minecraft:podzol":58,"minecolonies:blockminecoloniesgrave":1,"minecraft:spruce_door":1,"minecraft:oak_fence":25,"minecraft:crafting_table":2,"minecraft:lectern":3,"minecraft:lapis_ore":17,"minecraft:birch_planks":4,"minecraft:sweet_berry_bush":59,"minecraft:yellow_bed":2,"k_turrets:titanium_ore":32,"minecraft:coal_ore":261,"minecraft:cracked_stone_bricks":9,"minecraft:mossy_stone_bricks":4},"minecraft:killed_by":{"minecraft:zombie":13,"minecraft:cow":1,"minecraft:husk":2,"zombie_extreme:devastated":1,"minecraft:zombified_piglin":2,"zombie_extreme:night_hunter":3,"minecraft:drowned":4,"zombie_extreme:chainsaw":1,"minecraft:player":4,"zombie_extreme:military":1},"minecraft:custom":{"minecraft:interact_with_crafting_table":117,"minecraft:open_barrel":4,"minecraft:leave_game":23,"minecraft:time_since_death":1509,"minecraft:damage_blocked_by_shield":2084,"minecraft:play_time":1178553,"minecraft:deaths":38,"minecraft:jump":12073,"minecraft:enchant_item":3,"minecraft:interact_with_furnace":372,"minecraft:traded_with_villager":268,"minecraft:sleep_in_bed":24,"minecraft:damage_dealt":29323,"minecraft:interact_with_smoker":3,"minecraft:interact_with_anvil":4,"minecraft:damage_dealt_absorbed":120,"minecraft:sneak_time":68314,"minecraft:interact_with_blast_furnace":26,"minecraft:total_world_time":1178997,"minecraft:time_since_rest":1536,"minecraft:swim_one_cm":192658,"minecraft:fly_one_cm":2777869,"minecraft:open_chest":718,"minecraft:fall_one_cm":173732,"minecraft:animals_bred":10,"minecraft:sprint_one_cm":2921942,"minecraft:drop":628,"minecraft:talked_to_villager":62,"minecraft:walk_on_water_one_cm":160216,"minecraft:player_kills":17,"minecraft:crouch_one_cm":185840,"minecraft:mob_kills":1830,"minecraft:damage_dealt_resisted":30599,"minecraft:climb_one_cm":104174,"minecraft:walk_one_cm":4025016,"minecraft:walk_under_water_one_cm":116866,"minecraft:boat_one_cm":473092,"spartanshields:shield_bash_hits":3,"minecraft:damage_taken":20141,"minecraft:damage_absorbed":170},"minecraft:dropped":{"minecraft:iron_sword":1,"minecraft:porkchop":1,"minecraft:lapis_lazuli":14,"minecraft:glass_bottle":10,"minecraft:diamond":1,"minecraft:cracked_stone_bricks":1,"minecraft:leather_helmet":1,"minecraft:red_mushroom":64,"zombie_extreme:rotten_apple":19,"minecraft:dirt":50,"zombie_extreme:soda_used":1,"minecraft:bone_block":32,"minecraft:sand":4,"minecraft:sugar":1,"spartanweaponry:iron_dagger":4,"minecraft:fishing_rod":2,"minecraft:white_wool":1,"securitycraft:whitelist_module":4,"minecraft:bone":1,"zombie_extreme:canned_stew":1,"minecraft:stone_axe":11,"zombie_extreme:raw_aluminum":3,"minecraft:sugar_cane":33,"mutantmonsters:hulk_hammer":1,"vanillaplustools:stone_shovel":3,"minecraft:cobbled_deepslate":1097,"minecraft:rotten_flesh":91,"minecraft:oak_planks":1,"minecraft:enchanted_golden_apple":64,"securitycraft:reinforced_spruce_planks":1,"scorchedguns:steyr_smg":3,"cgm:short_scope":3,"cgm:basic_bullet":2598,"spartanweaponry:iron_longsword":3,"minecraft:quartz_block":35,"minecraft:leather_boots":1,"minecraft:spruce_slab":7,"minecraft:glass":64,"minecraft:stone_brick_stairs":13,"spartanweaponry:iron_rapier":1,"farmersdelight:tomato_seeds":1,"minecraft:iron_ingot":44,"minecraft:wheat_seeds":169,"minecraft:oak_fence":27,"cgm:mini_gun":3,"minecraft:cobblestone":6035,"zombie_extreme:cloth":2,"minecraft:granite":790,"minecraft:lava_bucket":2,"cgm:medium_scope":2,"minecraft:wooden_axe":1,"thirst:terracotta_bowl":1,"minecraft:white_banner":2,"simpleshops:creative_simple_shop":64,"minecraft:string":174,"minecraft:spruce_sapling":6,"minecraft:stone_brick_slab":100,"vanillaplustools:diamond_hammer":1,"minecraft:furnace":1,"minecraft:zombie_spawn_egg":1,"securitycraft:universal_block_reinforcer_lvl2":1,"minecraft:stone_sword":1,"minecraft:cobblestone_wall":1,"minecraft:smooth_stone_slab":1,"minecraft:bowl":4,"minecraft:cut_copper_stairs":64,"minecraft:spruce_fence":126,"minecraft:diamond_sword":1,"minecraft:cobblestone_slab":148,"minecraft:stone":3,"minecraft:allium":9,"minecraft:spruce_trapdoor":1,"minecraft:spruce_planks":23,"simpleshops:simple_shop":64,"cgm:bazooka":1,"minecraft:stone_bricks":2,"farmersdelight:apple_cider":55,"zombie_extreme:raw_tin":27,"scorchedguns:wooden_stock":4,"minecraft:brown_mushroom":64,"minecraft:diamond_axe":1,"minecraft:oak_log":26,"minecraft:baked_potato":23,"minecraft:exposed_cut_copper_stairs":2,"scorchedguns:carabine_44":1,"zombie_extreme:washing_machine":1,"minecraft:leather":1,"zombie_extreme:green_apple":1,"minecraft:flint":4,"spartanweaponry:iron_katana":2,"scorchedguns:vidas_smg":1,"minecraft:gravel":34,"spartanweaponry:iron_saber":2,"minecraft:diamond_shovel":1,"minecraft:stone_stairs":1,"minecraft:carrot":16,"zombie_extreme:raw_steel":1,"minecraft:leather_chestplate":2,"minecraft:gunpowder":2874,"minecraft:beetroot_seeds":11,"vanillaplustools:stone_hammer":3,"minecraft:iron_bars":1,"minecraft:weathered_cut_copper_stairs":14,"minecraft:stone_hoe":1,"minecraft:bread":60,"spartanweaponry:handle":3,"minecraft:golden_helmet":1,"minecraft:poisonous_potato":1,"farmersdelight:tree_bark":6,"spartanweaponry:stone_longsword":1,"minecraft:copper_ingot":5,"minecraft:stick":25,"minecraft:deepslate_brick_stairs":16,"spartanweaponry:iron_flanged_mace":2,"minecraft:diorite":194,"minecraft:torch":4,"spartanweaponry:iron_battleaxe":1,"spartanweaponry:iron_greatsword":4,"zombie_extreme:raw_lead":8,"farmersdelight:bacon":4,"minecraft:iron_axe":22,"minecraft:bucket":1,"scorchedguns:ooz_96":2,"minecraft:dandelion":2,"minecraft:smooth_basalt":32,"spartanweaponry:iron_battle_hammer":1,"minecraft:polished_deepslate":6,"farmersdelight:rotten_tomato":1,"minecraft:sweet_berries":35,"minecraft:raw_copper":40,"minecraft:light_gray_terracotta":2,"minecraft:tuff":108,"farmersdelight:cabbage_seeds":177,"minecraft:raw_iron":16,"zombie_extreme:ruby":2,"projectarsenal:ar15_classic":2,"thirst:terracotta_water_bowl":25,"securitycraft:universal_block_remover":5,"spartanweaponry:iron_warhammer":2,"minecraft:andesite":1014,"horror_element_mod:herobrine_head":1,"minecraft:light_gray_bed":1,"minecraft:oak_sapling":45,"zombie_extreme:police_suit_helmet":1,"minecraft:stone_pickaxe":3,"minecraft:wooden_pickaxe":2,"minecraft:calcite":67,"minecraft:brick":1},"minecraft:picked_up":{"cgm:basic_bullet":7363,"minecraft:anvil":3,"minecraft:smithing_table":1,"minecraft:diamond_sword":1,"farmersdelight:rice_panicle":39,"minecraft:brewing_stand":1,"projectarsenal:ar15_classic":4,"minecraft:golden_sword":2,"minecraft:amethyst_block":185,"farmersdelight:cutting_board":1,"minecraft:string":332,"minecraft:weathered_cut_copper_stairs":24,"cgm:long_scope":1,"minecraft:beetroot":5,"vanillaplustools:stone_shovel":1,"minecraft:gold_nugget":12,"minecraft:cobbled_deepslate":1995,"minecraft:spruce_planks":795,"minecraft:melon_slice":100,"zombie_extreme:ruby":6,"zombie_extreme:raw_aluminum":3,"minecraft:golden_helmet":3,"minecraft:spruce_pressure_plate":64,"minecraft:composter":1,"minecraft:acacia_log":9,"minecraft:golden_chestplate":5,"cgm:medium_scope":2,"horror_element_mod:herobrine_head":1,"minecraft:stone_sword":1,"minecraft:light_gray_bed":7,"farmersdelight:onion":264,"zombie_extreme:rotten_apple":37,"minecraft:cyan_terracotta":1,"minecraft:iron_bars":294,"minecraft:birch_log":11,"spartanweaponry:iron_warhammer":9,"minecraft:feather":1,"farmersdelight:rice":22,"minecraft:water_bucket":2,"minecraft:iron_door":4,"spartanweaponry:iron_battleaxe":6,"vanillaplustools:diamond_hammer":1,"farmersdelight:bacon":4,"minecraft:flint":16,"farmersdelight:tomato":106,"minecraft:lantern":1,"spartanweaponry:iron_rapier":6,"minecraft:exposed_cut_copper_stairs":4,"taccraft:assault_vest_boots":1,"zombie_extreme:washing_machine":1,"spartanweaponry:iron_greatsword":10,"spartanweaponry:iron_saber":6,"minecraft:ink_sac":16,"minecraft:fermented_spider_eye":3,"securitycraft:universal_block_remover":6,"minecraft:deepslate":163,"minecraft:granite":833,"minecraft:chainmail_helmet":3,"minecraft:bread":7,"zombie_extreme:titan_nugget":1,"minecraft:bricks":2,"minecraft:crafting_table":4,"minecraft:clay_ball":96,"minecraft:leather_leggings":4,"zombie_extreme:raw_tin":28,"minecraft:cornflower":2,"minecraft:iron_shovel":2,"minecraft:cracked_stone_bricks":27,"minecraft:beef":22,"minecraft:spruce_slab":43,"minecraft:chest":9,"minecraft:birch_sapling":6,"minecraft:egg":13,"minecraft:stone":352,"minecraft:spruce_fence":342,"farmersdelight:tomato_seeds":25,"securitycraft:reinforced_iron_bars":198,"zombie_extreme:canned_stew":1,"minecraft:carrot":316,"minecraft:redstone":15,"minecraft:stone_shovel":1,"minecraft:beetroot_seeds":11,"minecraft:hay_block":13,"sophisticatedbackpacks:copper_backpack":1,"scorchedguns:carabine_44":1,"minecraft:mutton":20,"minecraft:white_wool":42,"minecraft:bone_block":32,"minecraft:rail":1,"minecraft:oxeye_daisy":1,"minecraft:stripped_oak_log":49,"taccraft:assault_vest_helmet":1,"spartanweaponry:iron_longsword":9,"minecraft:red_mushroom":157,"minecraft:oak_log":268,"zombie_extreme:bronze_nugget":2,"minecraft:golden_boots":2,"minecraft:paper":2,"zombie_extreme:raw_steel":9,"minecraft:white_banner":2,"zombie_extreme:raw_lead":11,"farmersdelight:organic_compost":6,"minecraft:apple":9,"minecraft:stone_bricks":471,"thirst:terracotta_water_bowl":1,"minecraft:stone_pickaxe":3,"zombie_extreme:magnetic_card":1,"minecraft:glass_bottle":17,"spartanweaponry:iron_dagger":8,"minecraft:iron_sword":1,"minecraft:smooth_basalt":151,"minecraft:sweet_berries":217,"minecraft:gravel":118,"minecraft:spruce_sapling":117,"thirst:terracotta_bowl":17,"minecraft:spruce_log":1549,"farmersdelight:cabbage_leaf":72,"minecraft:leather_helmet":3,"securitycraft:whitelist_module":5,"spartanweaponry:iron_battle_hammer":3,"minecraft:stone_axe":4,"securitycraft:keypad":2,"minecraft:baked_potato":44,"minecraft:melon_seeds":5,"minecraft:ender_pearl":2,"minecraft:wheat":165,"minecraft:exposed_copper":1,"minecraft:potion":16,"minecraft:stone_brick_stairs":7,"spartanweaponry:iron_katana":6,"minecraft:raw_copper":755,"minecraft:smooth_stone_slab":1,"zombie_extreme:golf_club":1,"farmersdelight:cabbage":89,"cgm:short_scope":3,"minecraft:cobblestone_slab":213,"minecraft:calcite":233,"spartanweaponry:iron_flanged_mace":6,"farmersdelight:cabbage_seeds":248,"minecraft:furnace":10,"zombie_extreme:police_suit_helmet":1,"minecraft:stick":262,"bunker_down:airlock_iron_trapdoor":1,"farmersdelight:rotten_tomato":4,"minecraft:polished_deepslate_stairs":33,"minecraft:oak_fence":25,"minecraft:torch":138,"minecraft:spruce_stairs":130,"minecraft:porkchop":20,"minecraft:diorite":342,"scorchedguns:steyr_smg":3,"mutantmonsters:hulk_hammer":2,"minecraft:quartz_block":62,"minecraft:rotten_flesh":1705,"farmersdelight:tree_bark":126,"minecraft:deepslate_brick_stairs":173,"farmersdelight:raw_pasta":53,"minecraft:cobblestone":9063,"minecraft:enchanting_table":1,"minecraft:nautilus_shell":1,"minecraft:leather_chestplate":6,"minecraft:andesite":1172,"minecraft:golden_leggings":4,"bunker_down:steel_vent":2,"minecraft:potato":609,"minecraft:tuff":108,"minecraft:lapis_lazuli":226,"minecraft:dirt":3506,"minecraft:leather_boots":1,"minecraft:bone":32,"minecraft:wheat_seeds":496,"minecraft:deepslate_brick_slab":5,"minecraft:raw_gold":8,"farmersdelight:pumpkin_slice":4,"minecraft:mossy_stone_bricks":27,"minecraft:oak_planks":195,"minecraft:poisonous_potato":2,"minecraft:sand":535,"minecraft:light_gray_concrete":20,"minecraft:light_gray_terracotta":20,"minecraft:sugar":1,"minecraft:diamond":14,"minecraft:slime_block":5,"minecraft:spruce_boat":4,"scorchedguns:ooz_96":1,"minecraft:crossbow":1,"minecraft:oak_sapling":125,"minecraft:fishing_rod":9,"minecraft:allium":9,"minecraft:ladder":12,"minecraft:brown_mushroom":147,"minecraft:wooden_pickaxe":1,"minecraft:stone_brick_wall":32,"zombie_extreme:juggernaut_suit_helmet":2,"minecraft:brick":10,"minecraft:stone_stairs":11,"minecraft:iron_axe":21,"farmersdelight:straw":20,"minecraft:oak_boat":2,"minecraft:lectern":3,"minecraft:sugar_cane":237,"minecraft:spruce_trapdoor":24,"minecraft:raw_iron":352,"zombie_extreme:soda_used":1,"minecraft:copper_ingot":7,"scorchedguns:wooden_stock":4,"automobility:automobile_assembler":1,"minecraft:trident":1,"zombie_extreme:green_apple":2,"k_turrets:raw_titanium":58,"minecraft:saddle":1,"securitycraft:keypad_door_item":1,"scorchedguns:wire_stock":1,"farmersdelight:rich_soil":19,"minecraft:oxidized_cut_copper_stairs":2,"minecraft:leather":41,"minecraft:birch_planks":3,"minecraft:gunpowder":2331,"minecraft:cobblestone_wall":5,"minecraft:yellow_bed":2,"farmersdelight:apple_cider":39,"minecraft:iron_ingot":132,"zombie_extreme:cloth":5,"minecraft:acacia_sapling":5,"taccraft:assault_vest_leggings":1,"minecraft:book":39,"minecraft:pumpkin":3,"minecraft:stone_brick_slab":129,"minecraft:quartz":2,"minecraft:dandelion":2,"minecraft:lava_bucket":1,"minecraft:amethyst_shard":38,"minecraft:white_bed":7,"minecraft:spruce_door":7,"taccraft:assault_vest_chestplate":1,"minecraft:pumpkin_seeds":1,"minecraft:chainmail_leggings":1,"vanillaplustools:stone_hammer":3,"securitycraft:door_indestructible_iron_item":1,"minecraft:coal":314},"minecraft:crafted":{"minecraft:black_dye":1,"spartanshields:wooden_tower_shield":1,"securitycraft:keypad_item":6,"minecraft:diamond_shovel":1,"automobility:auto_mechanic_table":1,"k_turrets:titanium_ingot":29,"minecraft:cooked_mutton":21,"minecraft:glass":88,"minecraft:melon_seeds":10,"minecraft:iron_door":3,"vanillaplustools:stone_shovel":4,"minecraft:glass_bottle":87,"minecraft:wooden_shovel":1,"minecraft:emerald":243,"minecraft:diamond_axe":1,"farmersdelight:iron_knife":1,"minecraft:copper_ingot":467,"minecraft:campfire":1,"farmersdelight:wheat_dough":117,"minecraft:stone_brick_stairs":12,"minecraft:iron_pickaxe":2,"minecraft:gold_ingot":15,"securitycraft:whitelist_module":2,"minecraft:composter":1,"minecraft:stone_shovel":38,"vanillaplustools:stone_hammer":9,"minecraft:iron_nugget":54,"minecraft:polished_deepslate_stairs":20,"minecraft:bone_meal":288,"minecraft:spruce_fence":195,"minecraft:stone_stairs":76,"minecraft:spruce_slab":24,"minecraft:stone_pickaxe":85,"minecraft:spruce_boat":1,"minecraft:wheat":117,"farmersdelight:cooking_pot":1,"securitycraft:door_indestructible_iron_item":2,"minecraft:potion":181,"minecraft:wooden_axe":1,"minecraft:white_bed":1,"farmersdelight:diamond_knife":1,"minecraft:brick":23,"minecraft:oak_planks":472,"minecraft:cobblestone_slab":84,"minecraft:stone":64,"minecraft:heavy_weighted_pressure_plate":6,"minecraft:stone_brick_slab":192,"minecraft:bow":4,"minecraft:chest":18,"minecraft:copper_block":4,"minecraft:bricks":4,"minecraft:stone_bricks":256,"minecraft:oak_fence":48,"securitycraft:keypad_door_item":2,"farmersdelight:stove":1,"minecraft:crafting_table":16,"minecraft:spruce_planks":5156,"minecraft:wooden_pickaxe":1,"minecraft:baked_potato":69,"minecraft:birch_planks":44,"minecraft:acacia_button":2,"minecraft:pumpkin_seeds":4,"minecraft:dispenser":4,"minecraft:paper":6,"minecraft:diamond_pickaxe":2,"minecraft:charcoal":5,"minecraft:stick":8300,"minecraft:iron_ingot":166,"minecraft:stone_sword":3,"minecraft:shears":1,"minecraft:stone_brick_wall":30,"minecraft:leather_boots":1,"minecraft:furnace":2,"minecraft:stone_button":84,"minecraft:mushroom_stew":1,"securitycraft:keypad_frame":2,"spartanshields:stone_tower_shield":1,"automobility:automobile_assembler":1,"spartanweaponry:stone_longsword":1,"minecraft:leather":64,"minecraft:polished_deepslate":32,"minecraft:iron_axe":2,"cgm:workbench":2,"minecraft:cooked_beef":7,"minecraft:sugar":64,"k_turrets:cobble_turret_item":3,"minecraft:bowl":88,"spartanweaponry:handle":4,"thirst:terracotta_water_bowl":322,"minecraft:stone_axe":13,"farmersdelight:sweet_berry_cookie":8,"minecraft:bread":60,"minecraft:air":0,"minecraft:oak_boat":4,"minecraft:white_wool":1,"minecraft:gold_nugget":9,"minecraft:acacia_planks":36,"minecraft:torch":96,"k_turrets:bullet_turret_item":1}},"DataVersion":3120}