{"stats":{"minecraft:broken":{"spartanshields:stone_tower_shield":1,"taccraft:assault_vest_boots":1,"taccraft:assault_vest_helmet":1,"minecraft:stone_pickaxe":2,"minecraft:stone_axe":5,"taccraft:assault_vest_leggings":1,"minecraft:stone_sword":1,"taccraft:assault_vest_chestplate":1,"vanillaplustools:stone_hammer":6,"minecraft:iron_pickaxe":1},"minecraft:killed":{"zombie_extreme:night_hunter":10,"zombie_extreme:infected_juggernaut":3,"minecraft:zombie_horse":7,"zombie_extreme:divided":2,"minecraft:bee":1,"minecraft:chicken":1,"zombie_extreme:ram":1,"minecraft:pig":2,"minecraft:zombie_villager":3,"zombie_extreme:infected_hazmat":7,"minecraft:salmon":5,"zombie_extreme:bomber":6,"zombie_extreme:chainsaw":13,"minecraft:sheep":8,"minecraft:pillager":15,"minecraft:zombie":584,"zombie_extreme:infected_police":15,"zombie_extreme:devastated":1,"mutantmonsters:mutant_creeper":1,"zombie_extreme:fetus":4,"minecraft:cow":8,"hordes:zombie_player":1,"zombie_extreme:demolisher":1,"kevin_trophy:spitter_zombie":2,"minecraft:drowned":139,"zombie_extreme:runner":17,"zombie_extreme:crawler":12,"minecraft:husk":63,"zombie_extreme:boomer":13,"zombie_extreme:infected":19,"zombie_extreme:infected_military":6,"zombie_extreme:military":3,"kevin_trophy:crawler_zombie":2,"zombie_extreme:assasin_black_ops":1,"mutantmonsters:mutant_zombie":1},"minecraft:killed_by":{"minecraft:zombified_piglin":1,"zombie_extreme:night_hunter":3,"minecraft:drowned":4,"zombie_extreme:chainsaw":1,"minecraft:zombie":10,"minecraft:cow":1,"minecraft:husk":1,"minecraft:player":3,"zombie_extreme:devastated":1,"zombie_extreme:military":1},"minecraft:dropped":{"minecraft:iron_sword":1,"scorchedguns:wooden_stock":1,"minecraft:porkchop":1,"minecraft:lapis_lazuli":14,"minecraft:oak_log":26,"minecraft:baked_potato":23,"minecraft:exposed_cut_copper_stairs":2,"minecraft:glass_bottle":10,"minecraft:diamond":1,"zombie_extreme:washing_machine":1,"minecraft:leather":1,"minecraft:cracked_stone_bricks":1,"zombie_extreme:green_apple":1,"minecraft:leather_helmet":1,"zombie_extreme:rotten_apple":19,"minecraft:flint":4,"minecraft:dirt":50,"zombie_extreme:soda_used":1,"minecraft:sand":4,"spartanweaponry:iron_katana":2,"scorchedguns:vidas_smg":1,"minecraft:sugar":1,"spartanweaponry:iron_dagger":1,"minecraft:white_wool":1,"minecraft:bone":1,"minecraft:gravel":34,"zombie_extreme:canned_stew":1,"minecraft:stone_axe":1,"minecraft:sugar_cane":33,"zombie_extreme:raw_aluminum":3,"mutantmonsters:hulk_hammer":1,"vanillaplustools:stone_shovel":3,"minecraft:cobbled_deepslate":1097,"minecraft:rotten_flesh":89,"minecraft:oak_planks":1,"spartanweaponry:iron_saber":2,"minecraft:enchanted_golden_apple":64,"minecraft:stone_stairs":1,"minecraft:carrot":16,"zombie_extreme:raw_steel":1,"minecraft:leather_chestplate":1,"minecraft:gunpowder":2874,"cgm:basic_bullet":358,"spartanweaponry:iron_longsword":2,"minecraft:beetroot_seeds":11,"minecraft:quartz_block":35,"minecraft:leather_boots":1,"vanillaplustools:stone_hammer":3,"minecraft:spruce_slab":2,"minecraft:iron_bars":1,"minecraft:glass":64,"minecraft:weathered_cut_copper_stairs":14,"minecraft:stone_brick_stairs":13,"spartanweaponry:iron_rapier":1,"minecraft:stone_hoe":1,"minecraft:iron_ingot":44,"spartanweaponry:handle":3,"minecraft:wheat_seeds":95,"minecraft:oak_fence":27,"minecraft:cobblestone":5131,"farmersdelight:tree_bark":6,"zombie_extreme:cloth":2,"minecraft:granite":681,"spartanweaponry:stone_longsword":1,"minecraft:copper_ingot":5,"minecraft:stick":25,"minecraft:lava_bucket":1,"minecraft:deepslate_brick_stairs":16,"spartanweaponry:iron_flanged_mace":1,"minecraft:diorite":175,"minecraft:torch":4,"minecraft:wooden_axe":1,"spartanweaponry:iron_greatsword":3,"zombie_extreme:raw_lead":8,"thirst:terracotta_bowl":1,"farmersdelight:bacon":4,"minecraft:white_banner":2,"simpleshops:creative_simple_shop":64,"minecraft:string":174,"spartanweaponry:iron_battle_hammer":1,"minecraft:bucket":1,"scorchedguns:ooz_96":2,"vanillaplustools:diamond_hammer":1,"minecraft:spruce_sapling":5,"minecraft:dandelion":1,"minecraft:stone_brick_slab":100,"minecraft:polished_deepslate":6,"minecraft:furnace":1,"minecraft:zombie_spawn_egg":1,"minecraft:sweet_berries":35,"minecraft:stone_sword":1,"minecraft:cobblestone_wall":1,"minecraft:light_gray_terracotta":2,"minecraft:raw_copper":40,"minecraft:smooth_stone_slab":1,"minecraft:bowl":4,"minecraft:tuff":108,"minecraft:cut_copper_stairs":64,"minecraft:raw_iron":16,"zombie_extreme:ruby":2,"projectarsenal:ar15_classic":1,"thirst:terracotta_water_bowl":25,"minecraft:spruce_fence":118,"securitycraft:universal_block_remover":2,"spartanweaponry:iron_warhammer":2,"minecraft:cobblestone_slab":148,"minecraft:stone":3,"minecraft:allium":9,"minecraft:spruce_planks":16,"simpleshops:simple_shop":64,"minecraft:andesite":1006,"horror_element_mod:herobrine_head":1,"minecraft:light_gray_bed":1,"cgm:bazooka":1,"minecraft:oak_sapling":45,"minecraft:stone_bricks":2,"zombie_extreme:police_suit_helmet":1,"minecraft:stone_pickaxe":2,"minecraft:wooden_pickaxe":2,"farmersdelight:apple_cider":55,"zombie_extreme:raw_tin":15,"minecraft:brick":1},"minecraft:crafted":{"minecraft:oak_planks":460,"minecraft:cobblestone_slab":84,"spartanshields:wooden_tower_shield":1,"minecraft:stone":64,"securitycraft:keypad_item":5,"k_turrets:titanium_ingot":29,"minecraft:heavy_weighted_pressure_plate":5,"minecraft:cooked_mutton":18,"minecraft:stone_brick_slab":192,"minecraft:bow":4,"minecraft:melon_seeds":2,"minecraft:chest":18,"minecraft:iron_door":3,"vanillaplustools:stone_shovel":4,"securitycraft:keypad_door_item":1,"minecraft:stone_bricks":256,"minecraft:oak_fence":48,"minecraft:crafting_table":15,"minecraft:spruce_planks":1280,"farmersdelight:iron_knife":1,"minecraft:wooden_pickaxe":1,"minecraft:baked_potato":13,"minecraft:copper_ingot":147,"minecraft:pumpkin_seeds":4,"minecraft:acacia_button":2,"minecraft:birch_planks":44,"minecraft:dispenser":4,"minecraft:stone_brick_stairs":12,"minecraft:paper":6,"minecraft:stick":676,"minecraft:iron_ingot":139,"minecraft:iron_pickaxe":2,"minecraft:stone_sword":3,"minecraft:gold_ingot":15,"securitycraft:whitelist_module":2,"minecraft:shears":1,"minecraft:stone_shovel":38,"minecraft:stone_brick_wall":30,"vanillaplustools:stone_hammer":9,"minecraft:leather_boots":1,"minecraft:iron_nugget":36,"minecraft:polished_deepslate_stairs":20,"minecraft:furnace":2,"minecraft:stone_button":84,"minecraft:mushroom_stew":1,"minecraft:spruce_fence":195,"securitycraft:keypad_frame":1,"spartanshields:stone_tower_shield":1,"minecraft:stone_stairs":76,"spartanweaponry:stone_longsword":1,"minecraft:polished_deepslate":32,"minecraft:stone_pickaxe":85,"cgm:workbench":2,"minecraft:cooked_beef":7,"k_turrets:cobble_turret_item":3,"minecraft:bowl":4,"spartanweaponry:handle":4,"thirst:terracotta_water_bowl":322,"minecraft:stone_axe":4,"farmersdelight:sweet_berry_cookie":8,"minecraft:air":0,"minecraft:oak_boat":3,"securitycraft:door_indestructible_iron_item":1,"minecraft:white_wool":1,"minecraft:gold_nugget":9,"minecraft:wooden_axe":1,"minecraft:white_bed":1,"minecraft:acacia_planks":36,"minecraft:torch":96,"k_turrets:bullet_turret_item":1},"minecraft:mined":{"minecraft:spruce_planks":278,"minecraft:oak_sapling":1,"minecraft:white_bed":4,"minecraft:farmland":160,"minecraft:brewing_stand":1,"minecraft:spruce_trapdoor":1,"minecraft:granite":588,"minecraft:acacia_log":9,"minecraft:grass_block":941,"minecraft:stone_brick_wall":19,"zombie_extreme:deepslate_lead":8,"minecraft:light_gray_bed":6,"minecraft:spawner":9,"minecraft:light_blue_stained_glass":17,"minecraft:tall_seagrass":5,"minecolonies:blockconstructiontape":2,"minecraft:iron_ore":183,"minecraft:cobbled_deepslate":1,"zombie_extreme:ore_steel":9,"minecraft:anvil":2,"minecraft:enchanting_table":1,"zombie_extreme:deepslate_tin":9,"minecraft:dirt_path":17,"minecraft:iron_bars":3,"minecraft:light_gray_concrete":20,"minecraft:deepslate_brick_stairs":1,"farmersdelight:rice_panicles":18,"minecraft:spruce_slab":1,"zombie_extreme:washing_machine":1,"minecraft:deepslate_redstone_ore":3,"minecraft:brown_mushroom":9,"minecraft:quartz_block":16,"minecraft:cyan_terracotta":1,"farmersdelight:organic_compost":6,"minecraft:polished_deepslate_stairs":5,"minecraft:torch":10,"minecraft:light_gray_terracotta":1,"minecraft:chest":3,"minecraft:white_stained_glass_pane":1,"farmersdelight:brown_mushroom_colony":4,"zombie_extreme:barbed_fence":1,"minecraft:cobblestone":196,"minecraft:sugar_cane":53,"minecraft:oak_planks":21,"minecraft:iron_door":3,"minecraft:wall_torch":7,"minecraft:seagrass":1,"zombie_extreme:deepslate_ruby":1,"minecraft:stone_stairs":2,"zombie_extreme:metal_fence":1,"zombie_extreme:thorium_ore":1,"minecraft:birch_log":11,"minecraft:wheat":7,"zombie_extreme:ore_ruby":4,"zombie_extreme:deepslate_steel":4,"minecraft:stone_brick_stairs":5,"minecraft:smooth_stone_slab":1,"minecraft:grass":272,"minecraft:oak_log":151,"minecraft:beetroots":5,"minecraft:sand":179,"minecraft:dirt":90,"minecraft:deepslate":3176,"minecraft:oak_leaves":2,"minecraft:tuff":114,"minecraft:blue_stained_glass_pane":2,"minecraft:deepslate_diamond_ore":12,"minecolonies:blockhuttownhall":1,"farmersdelight:wild_carrots":16,"minecraft:ladder":1,"minecraft:spruce_fence":36,"minecraft:white_stained_glass":1,"minecraft:spruce_leaves":3,"farmersdelight:wild_cabbages":2,"minecraft:red_mushroom":7,"farmersdelight:red_mushroom_colony":4,"horror_element_mod:herobrine_head":1,"minecraft:large_fern":6,"farmersdelight:wild_onions":4,"minecraft:carrots":15,"minecraft:furnace":8,"zombie_extreme:ore_lead":2,"minecraft:andesite":725,"bunker_down:steel_vent":2,"minecraft:bookshelf":12,"minecraft:potatoes":5,"minecraft:cobblestone_slab":1,"minecraft:deepslate_iron_ore":11,"minecraft:stripped_oak_log":1,"minecraft:stone":6741,"zombie_extreme:deepslate_aluminum":3,"minecraft:podzol":58,"zombie_extreme:ore_aluminum":1,"minecolonies:blockminecoloniesgrave":1,"minecraft:spruce_door":1,"minecraft:dandelion":2,"minecraft:stone_brick_slab":59,"minecraft:oak_fence":25,"minecraft:crafting_table":2,"minecraft:cornflower":1,"minecraft:copper_ore":132,"minecraft:tall_grass":29,"minecraft:lapis_ore":15,"minecraft:deepslate_gold_ore":8,"minecraft:diorite":355,"minecraft:birch_planks":4,"minecraft:cobblestone_wall":4,"zombie_extreme:ore_tin":6,"minecraft:sweet_berry_bush":57,"minecraft:spruce_log":59,"minecraft:yellow_bed":2,"k_turrets:titanium_ore":27,"minecraft:coal_ore":261,"minecraft:gravel":50,"minecraft:cobweb":2,"minecraft:cracked_stone_bricks":9,"minecraft:stone_bricks":96,"minecraft:mossy_stone_bricks":4},"minecraft:custom":{"minecraft:animals_bred":1,"minecraft:interact_with_crafting_table":92,"minecraft:open_barrel":4,"minecraft:leave_game":19,"minecraft:time_since_death":1503,"minecraft:sprint_one_cm":2103382,"minecraft:damage_blocked_by_shield":2084,"minecraft:drop":466,"minecraft:play_time":862393,"minecraft:deaths":31,"minecraft:jump":10294,"minecraft:walk_on_water_one_cm":124538,"minecraft:enchant_item":2,"minecraft:interact_with_furnace":275,"minecraft:sleep_in_bed":18,"minecraft:damage_dealt":29155,"minecraft:player_kills":11,"minecraft:crouch_one_cm":139731,"minecraft:interact_with_smoker":3,"minecraft:interact_with_anvil":3,"minecraft:mob_kills":992,"minecraft:damage_dealt_resisted":14622,"minecraft:climb_one_cm":76271,"minecraft:walk_one_cm":2935648,"minecraft:damage_dealt_absorbed":120,"minecraft:sneak_time":48027,"minecraft:walk_under_water_one_cm":85293,"minecraft:boat_one_cm":135599,"minecraft:interact_with_blast_furnace":26,"minecraft:total_world_time":862837,"spartanshields:shield_bash_hits":3,"minecraft:time_since_rest":1536,"minecraft:damage_absorbed":170,"minecraft:damage_taken":15244,"minecraft:swim_one_cm":161253,"minecraft:fly_one_cm":2227585,"minecraft:open_chest":423,"minecraft:fall_one_cm":153770},"minecraft:used":{"spartanweaponry:stone_longsword":88,"minecraft:spruce_slab":10,"minecraft:ladder":3,"farmersdelight:cabbage_seeds":2,"minecraft:chest":44,"minecraft:stone":294,"minecraft:iron_sword":267,"minecraft:zombie_spawn_egg":1,"securitycraft:keypad_item":5,"minecraft:carrot":102,"minecraft:weathered_cut_copper_stairs":1,"minecraft:acacia_button":2,"farmersdelight:sweet_berry_cookie":8,"minecraft:polished_deepslate_stairs":11,"minecraft:milk_bucket":2,"minecraft:glass":93,"spartanweaponry:iron_longsword":20,"minecraft:lava_bucket":1,"farmersdelight:tomato":1,"scorchedguns:steyr_smg":28,"minecraft:quartz_block":10,"minecraft:stone_brick_stairs":4,"minecraft:stone_bricks":355,"minecraft:sweet_berries":222,"mutantmonsters:hulk_hammer":25,"minecraft:oak_sapling":16,"minecraft:furnace":8,"minecraft:egg":2,"k_turrets:bullet_turret_item":1,"minecraft:potato":18,"spartanweaponry:iron_greatsword":34,"bunker_down:steel_vent":2,"minecraft:mossy_stone_bricks":2,"minecraft:diorite":27,"minecraft:cow_spawn_egg":2,"minecraft:stone_pickaxe":653,"minecraft:oak_planks":40,"minecraft:wooden_pickaxe":15,"securitycraft:keypad_frame":1,"farmersdelight:pumpkin_slice":4,"minecraft:sugar_cane":1,"farmersdelight:organic_compost":6,"minecraft:sand":9,"simpleshops:simple_shop":5,"minecraft:mushroom_stew":1,"minecraft:light_gray_terracotta":2,"cgm:bazooka":6,"securitycraft:universal_block_remover":8,"spartanshields:stone_tower_shield":90,"minecraft:stone_brick_wall":35,"minecraft:pumpkin_seeds":4,"minecraft:deepslate_brick_stairs":108,"minecraft:exposed_copper":1,"spartanweaponry:iron_saber":44,"minecraft:bread":11,"minecraft:iron_door":1,"scorchedguns:vidas_smg":1416,"minecraft:andesite":52,"projectarsenal:ar15_classic":3559,"minecraft:oak_boat":4,"securitycraft:whitelist_module":2,"minecraft:cobweb":8,"scorchedguns:ooz_96":48,"k_turrets:cobble_turret_item":3,"minecraft:oak_fence":25,"zombie_extreme:butcher_knife":9,"minecraft:iron_bars":4,"minecraft:enchanting_table":1,"minecraft:stone_sword":261,"minecraft:stone_shovel":48,"minecraft:spruce_planks":654,"securitycraft:keypad_door_item":1,"vanillaplustools:stone_hammer":1011,"minecraft:stone_hoe":11,"securitycraft:reinforced_iron_bars":190,"minecraft:cut_copper_stairs":3,"minecraft:exposed_cut_copper_stairs":2,"minecraft:torch":127,"minecraft:anvil":1,"minecraft:dirt":816,"cgm:workbench":2,"minecraft:cobblestone_wall":16,"minecraft:stone_stairs":75,"minecraft:granite":3,"minecraft:spruce_fence":76,"minecraft:stone_brick_slab":191,"minecraft:wooden_axe":6,"minecraft:melon_seeds":2,"minecraft:beef":4,"farmersdelight:tomato_seeds":12,"minecraft:cooked_beef":7,"minecraft:acacia_planks":1,"minecraft:light_gray_bed":5,"minecraft:wheat_seeds":19,"minecraft:cooked_mutton":18,"farmersdelight:iron_knife":99,"minecraft:water_bucket":6,"minecraft:birch_planks":5,"minecraft:baked_potato":86,"minecraft:brown_mushroom":8,"minecraft:cobblestone_slab":1,"zombie_extreme:rotten_apple":1,"minecraft:sheep_spawn_egg":2,"minecraft:cracked_stone_bricks":3,"farmersdelight:onion":4,"minecraft:crafting_table":17,"minecraft:red_mushroom":11,"vanillaplustools:stone_shovel":218,"minecraft:white_bed":6,"thirst:terracotta_water_bowl":204,"minecraft:oak_log":22,"farmersdelight:apple_cider":32,"minecraft:apple":10,"minecraft:iron_pickaxe":332,"minecraft:pig_spawn_egg":2,"simpleshops:creative_simple_shop":9,"minecraft:spruce_sapling":2,"minecraft:stone_axe":830,"minecraft:cobblestone":509,"vanillaplustools:iron_hammer":370,"minecraft:porkchop":1,"minecraft:bucket":6,"minecraft:yellow_bed":3,"minecraft:stripped_oak_log":41},"minecraft:picked_up":{"minecraft:wheat":88,"cgm:basic_bullet":3843,"minecraft:exposed_copper":1,"minecraft:anvil":3,"farmersdelight:rice_panicle":16,"minecraft:stone_brick_stairs":7,"minecraft:brewing_stand":1,"projectarsenal:ar15_classic":3,"spartanweaponry:iron_katana":2,"farmersdelight:cutting_board":1,"minecraft:weathered_cut_copper_stairs":24,"minecraft:string":332,"minecraft:raw_copper":755,"minecraft:smooth_stone_slab":1,"minecraft:beetroot":5,"vanillaplustools:stone_shovel":1,"zombie_extreme:golf_club":1,"minecraft:cobbled_deepslate":1995,"minecraft:spruce_planks":764,"minecraft:cobblestone_slab":213,"minecraft:melon_slice":2,"spartanweaponry:iron_flanged_mace":1,"farmersdelight:cabbage_seeds":6,"minecraft:furnace":10,"zombie_extreme:ruby":6,"zombie_extreme:police_suit_helmet":1,"minecraft:spruce_pressure_plate":64,"zombie_extreme:raw_aluminum":3,"minecraft:stick":218,"bunker_down:airlock_iron_trapdoor":1,"farmersdelight:rotten_tomato":1,"minecraft:polished_deepslate_stairs":33,"minecraft:oak_fence":25,"minecraft:torch":122,"minecraft:acacia_log":9,"minecraft:spruce_stairs":130,"minecraft:porkchop":13,"minecraft:diorite":308,"horror_element_mod:herobrine_head":1,"mutantmonsters:hulk_hammer":2,"minecraft:quartz_block":62,"minecraft:stone_sword":1,"minecraft:light_gray_bed":7,"minecraft:rotten_flesh":863,"farmersdelight:onion":97,"farmersdelight:tree_bark":126,"zombie_extreme:rotten_apple":37,"minecraft:cyan_terracotta":1,"minecraft:deepslate_brick_stairs":173,"minecraft:iron_bars":294,"minecraft:leather_chestplate":3,"minecraft:nautilus_shell":1,"minecraft:cobblestone":7950,"minecraft:birch_log":11,"minecraft:enchanting_table":1,"minecraft:golden_leggings":1,"spartanweaponry:iron_warhammer":5,"minecraft:feather":1,"farmersdelight:rice":21,"minecraft:water_bucket":2,"minecraft:iron_door":2,"minecraft:andesite":1113,"vanillaplustools:diamond_hammer":1,"bunker_down:steel_vent":2,"minecraft:potato":247,"farmersdelight:bacon":4,"minecraft:flint":16,"minecraft:tuff":108,"farmersdelight:tomato":43,"minecraft:lapis_lazuli":178,"minecraft:dirt":3181,"minecraft:lantern":1,"spartanweaponry:iron_rapier":5,"minecraft:bone":31,"minecraft:exposed_cut_copper_stairs":4,"zombie_extreme:washing_machine":1,"taccraft:assault_vest_boots":1,"spartanweaponry:iron_greatsword":4,"minecraft:wheat_seeds":287,"minecraft:deepslate_brick_slab":5,"minecraft:raw_gold":8,"farmersdelight:pumpkin_slice":4,"minecraft:mossy_stone_bricks":27,"minecraft:oak_planks":195,"spartanweaponry:iron_saber":4,"minecraft:sand":447,"minecraft:ink_sac":10,"minecraft:fermented_spider_eye":3,"securitycraft:universal_block_remover":2,"minecraft:light_gray_concrete":20,"minecraft:light_gray_terracotta":20,"minecraft:sugar":1,"minecraft:diamond":14,"minecraft:deepslate":163,"minecraft:slime_block":5,"scorchedguns:ooz_96":1,"minecraft:granite":716,"minecraft:bread":7,"minecraft:oak_sapling":125,"zombie_extreme:titan_nugget":1,"minecraft:bricks":2,"minecraft:fishing_rod":5,"minecraft:crafting_table":4,"minecraft:allium":9,"minecraft:ladder":12,"minecraft:leather_leggings":2,"minecraft:brown_mushroom":53,"minecraft:wooden_pickaxe":1,"zombie_extreme:raw_tin":16,"minecraft:stone_brick_wall":32,"zombie_extreme:juggernaut_suit_helmet":2,"minecraft:brick":8,"minecraft:cornflower":2,"minecraft:stone_stairs":6,"minecraft:cracked_stone_bricks":27,"minecraft:oak_boat":1,"minecraft:beef":15,"farmersdelight:straw":20,"minecraft:spruce_slab":42,"minecraft:sugar_cane":140,"minecraft:chest":9,"minecraft:birch_sapling":6,"minecraft:spruce_trapdoor":23,"minecraft:egg":9,"minecraft:raw_iron":314,"minecraft:stone":352,"minecraft:copper_ingot":6,"zombie_extreme:soda_used":1,"minecraft:spruce_fence":307,"scorchedguns:wooden_stock":1,"farmersdelight:tomato_seeds":19,"securitycraft:reinforced_iron_bars":190,"zombie_extreme:canned_stew":1,"minecraft:carrot":94,"minecraft:redstone":15,"zombie_extreme:green_apple":2,"minecraft:stone_shovel":1,"minecraft:beetroot_seeds":11,"k_turrets:raw_titanium":43,"minecraft:saddle":1,"sophisticatedbackpacks:copper_backpack":1,"minecraft:mutton":15,"minecraft:rail":1,"minecraft:white_wool":39,"minecraft:oxeye_daisy":1,"minecraft:stripped_oak_log":49,"farmersdelight:rich_soil":3,"minecraft:oxidized_cut_copper_stairs":2,"taccraft:assault_vest_helmet":1,"minecraft:leather":40,"spartanweaponry:iron_longsword":2,"minecraft:red_mushroom":64,"minecraft:birch_planks":3,"minecraft:oak_log":265,"zombie_extreme:bronze_nugget":2,"minecraft:yellow_bed":2,"minecraft:cobblestone_wall":5,"minecraft:gunpowder":2331,"minecraft:paper":2,"zombie_extreme:raw_steel":9,"minecraft:white_banner":2,"zombie_extreme:raw_lead":11,"farmersdelight:organic_compost":6,"minecraft:apple":9,"minecraft:stone_bricks":466,"thirst:terracotta_water_bowl":1,"farmersdelight:apple_cider":39,"minecraft:iron_ingot":120,"minecraft:stone_pickaxe":2,"zombie_extreme:magnetic_card":1,"zombie_extreme:cloth":5,"minecraft:glass_bottle":17,"spartanweaponry:iron_dagger":3,"minecraft:iron_sword":1,"minecraft:acacia_sapling":5,"taccraft:assault_vest_leggings":1,"minecraft:book":39,"minecraft:pumpkin":2,"minecraft:sweet_berries":213,"minecraft:stone_brick_slab":129,"minecraft:quartz":2,"minecraft:dandelion":1,"minecraft:gravel":117,"minecraft:lava_bucket":1,"minecraft:spruce_sapling":8,"thirst:terracotta_bowl":17,"minecraft:white_bed":5,"minecraft:spruce_log":596,"minecraft:spruce_door":6,"minecraft:leather_helmet":1,"spartanweaponry:iron_battle_hammer":1,"taccraft:assault_vest_chestplate":1,"minecraft:stone_axe":3,"vanillaplustools:stone_hammer":3,"securitycraft:keypad":1,"minecraft:baked_potato":42,"minecraft:melon_seeds":4,"minecraft:coal":314,"minecraft:ender_pearl":2}},"DataVersion":3120}