{"stats":{"minecraft:used":{"minecraft:spruce_slab":53,"minecraft:ladder":16,"farmersdelight:cabbage_seeds":6,"minecraft:chest":94,"minecraft:stone":180,"spartanweaponry:diamond_flanged_mace":2,"minecraft:weathered_copper":7,"minecraft:deepslate_brick_slab":5,"minecraft:spruce_boat":3,"spartanweaponry:diamond_lance":165,"minecraft:lava_bucket":2,"scorchedguns:steyr_smg":8,"minecraft:quartz_block":6,"minecraft:stone_brick_stairs":40,"minecraft:sweet_berries":12,"minecraft:furnace":15,"minecraft:oak_sapling":2,"minecraft:egg":1,"minecraft:potato":255,"bunker_down:steel_vent":2,"minecraft:diorite":8,"minecraft:spruce_door":6,"securitycraft:reinforced_spruce_planks":2,"minecraft:wooden_pickaxe":6,"minecraft:composter":6,"farmersdelight:pumpkin_slice":28,"minecraft:sand":22,"minecraft:blast_furnace":1,"securitycraft:universal_block_remover":5,"farmersdelight:rice":20,"minecraft:deepslate_brick_stairs":112,"minecraft:lectern":204,"minecraft:smithing_table":8,"projectarsenal:ar15_classic":3836,"minecraft:oak_boat":4,"cgm:mini_gun":447,"minecraft:enchanting_table":3,"minecraft:iron_bars":8,"minecraft:stone_sword":20,"vanillaplustools:stone_hammer":947,"minecraft:torch":151,"minecraft:anvil":3,"minecraft:stone_stairs":3,"minecraft:iron_axe":2005,"minecraft:melon_seeds":4,"comforts:sleeping_bag_white":23,"farmersdelight:tomato_seeds":6,"minecraft:cobbled_deepslate":34,"minecraft:wheat_seeds":104,"minecraft:water_bucket":84,"minecraft:fletching_table":1,"zombie_extreme:chips":4,"minecraft:crafting_table":16,"vanillaplustools:stone_shovel":182,"zombie_extreme:washing_machine":3,"minecraft:white_bed":20,"minecraft:spruce_log":101,"thirst:terracotta_water_bowl":147,"minecraft:oak_log":100,"minecraft:iron_pickaxe":149,"cgm:grenade":1,"minecraft:spruce_trapdoor":66,"minecraft:spruce_sapling":377,"minecraft:cobblestone":352,"minecraft:potion":7,"minecraft:cooked_porkchop":3,"minecraft:stripped_oak_log":50,"minecraft:polished_deepslate":4,"minecraft:iron_sword":2,"minecraft:grass":3,"minecraft:carrot":105,"zombie_extreme:steel_pickaxe":564,"horror_element_mod:human_remains":4,"minecraft:bricks":1,"minecraft:lantern":2,"minecraft:stone_bricks":176,"farmersdelight:cutting_board":2,"zombie_extreme:green_apple":1,"minecraft:stone_pickaxe":233,"minecraft:diamond_axe":3607,"minecraft:sugar_cane":54,"minecraft:white_wool":15,"vanillaplustools:diamond_hammer":244,"minecraft:light_gray_terracotta":4,"minecraft:shears":86,"zombie_extreme:radio_installation":1,"minecraft:bread":17,"minecraft:iron_door":2,"minecraft:deepslate":15,"minecraft:gravel":7,"minecraft:grindstone":3,"minecraft:andesite":5,"zombie_extreme:butcher_knife":514,"securitycraft:keypad_chest":2,"minecraft:spruce_planks":1486,"minecraft:stone_hoe":178,"securitycraft:reinforced_iron_bars":97,"minecraft:dirt":259,"cgm:workbench":1,"minecraft:spruce_stairs":30,"minecraft:spruce_fence":311,"minecraft:stone_brick_slab":10,"minecraft:bookshelf":64,"zombie_extreme:steel_shovel":275,"spartanweaponry:iron_rapier":1,"minecraft:deepslate_tile_stairs":1,"zombie_extreme:soda":1,"minecraft:pumpkin":1,"minecraft:enchanted_golden_apple":64,"minecraft:light_gray_bed":3,"minecraft:cooked_mutton":2,"minecraft:baked_potato":74,"minecraft:stonecutter":1,"farmersdelight:onion":49,"minecraft:smoker":1,"minecraft:flower_pot":1,"farmersdelight:apple_cider":16,"minecraft:stone_axe":1643,"minecraft:white_banner":1,"horror_element_mod:herobrine_head":1,"minecraft:bucket":90,"minecraft:yellow_bed":3,"minecraft:wither_rose":1},"minecraft:killed":{"zombie_extreme:night_hunter":11,"minecraft:zombie_horse":10,"zombie_extreme:ram":3,"k_turrets:cobble_turret":1,"zombie_extreme:infected_hazmat":5,"zombie_extreme:chainsaw":7,"kevin_trophy:blister_zombie":10,"minecraft:pillager":5,"minecraft:zombie":547,"minecraft:cow":3,"minecraft:zoglin":5,"zombie_extreme:runner":13,"zombie_extreme:crawler":12,"rottencreatures:undead_miner":1,"minecraft:husk":63,"zombie_extreme:boomer":8,"zombie_extreme:infected_military":15,"zombie_extreme:military":5,"zombie_extreme:assasin_black_ops":1,"minecraft:zombified_piglin":9,"zombie_extreme:infected_juggernaut":4,"zombie_extreme:divided":3,"minecraft:pig":1,"minecraft:zombie_villager":3,"zombie_extreme:bomber":4,"minecraft:sheep":4,"zombie_extreme:infected_police":11,"zombie_extreme:devastated":4,"zombie_extreme:fetus":2,"minecraft:drowned":84,"kevin_trophy:spitter_zombie":2,"zombie_extreme:infected":16,"kevin_trophy:crawler_zombie":2,"mutantmonsters:mutant_zombie":1},"minecraft:broken":{"taccraft:assault_vest_helmet":1,"taccraft:assault_vest_leggings":1,"taccraft:assault_vest_chestplate":1,"minecraft:stone_hoe":1,"vanillaplustools:stone_hammer":4,"minecraft:iron_axe":2,"zombie_extreme:police_suit_chestplate":1,"vanillaplustools:stone_shovel":1,"taccraft:assault_vest_boots":1,"minecraft:stone_pickaxe":1,"minecraft:stone_axe":8},"minecraft:mined":{"minecraft:white_bed":12,"minecraft:obsidian":6,"minecraft:granite":708,"minecraft:brown_wool":16,"zombie_extreme:deepslate_lead":1,"minecraft:light_gray_bed":3,"minecraft:deepslate_tile_stairs":1,"minecraft:oxeye_daisy":1,"minecraft:spawner":3,"minecraft:light_blue_stained_glass":21,"minecraft:tall_seagrass":1,"minecraft:magma_block":1,"minecraft:fire":3,"minecraft:cobbled_deepslate":13,"zombie_extreme:ore_steel":38,"minecraft:pumpkin":6,"minecraft:deepslate_lapis_ore":1,"minecraft:enchanting_table":2,"minecraft:sculk_shrieker":1,"zombie_extreme:deepslate_tin":2,"minecraft:dirt_path":1,"minecraft:light_gray_concrete":12,"minecraft:deepslate_brick_stairs":14,"farmersdelight:rice_panicles":12,"zombie_extreme:washing_machine":3,"minecraft:smoker":1,"minecraft:amethyst_cluster":3,"minecraft:oxidized_cut_copper_stairs":1,"minecraft:torch":23,"minecraft:blast_furnace":1,"minecraft:melon":5,"minecraft:white_stained_glass_pane":4,"farmersdelight:cabbages":7,"minecraft:sugar_cane":100,"minecraft:bricks":9,"minecraft:weathered_cut_copper_stairs":20,"zombie_extreme:metal_fence":1,"zombie_extreme:thorium_ore":12,"minecraft:wheat":113,"zombie_extreme:ore_ruby":4,"minecraft:wither_rose":1,"zombie_extreme:deepslate_steel":2,"minecraft:stone_brick_stairs":2,"minecraft:copper_block":11,"minecraft:grass":94,"minecraft:smooth_basalt":7,"minecraft:stonecutter":1,"minecraft:deepslate":2752,"minecraft:blue_stained_glass_pane":2,"farmersdelight:wild_carrots":25,"minecraft:spruce_fence":275,"farmersdelight:wild_cabbages":2,"farmersdelight:wild_onions":4,"zombie_extreme:ore_lead":2,"minecraft:andesite":555,"bunker_down:steel_vent":3,"minecraft:potatoes":228,"zombie_extreme:radio_installation":2,"minecraft:white_wool":101,"minecraft:smithing_table":7,"minecraft:glass_pane":2,"minecraft:stone_brick_slab":15,"minecraft:tall_grass":17,"minecraft:copper_ore":45,"minecraft:deepslate_gold_ore":8,"minecraft:cracked_deepslate_bricks":2,"minecraft:diorite":270,"zombie_extreme:ore_tin":21,"minecraft:cobblestone_wall":5,"minecraft:spruce_log":5729,"minecraft:gravel":50,"minecraft:cobweb":6,"minecraft:stone_bricks":111,"minecraft:gold_ore":21,"minecraft:spruce_planks":406,"farmersdelight:rich_soil":3,"minecraft:oak_sapling":1,"minecraft:farmland":2,"minecraft:sculk_vein":1,"minecraft:spruce_trapdoor":18,"minecraft:grass_block":1145,"zombie_extreme:deepslate_thorium":1,"minecraft:composter":6,"comforts:sleeping_bag_white":10,"minecolonies:blockconstructiontape":2,"farmersdelight:wild_rice":11,"farmersdelight:rice":20,"minecraft:iron_ore":153,"minecraft:anvil":2,"minecraft:iron_bars":6,"minecraft:spruce_slab":12,"minecraft:gray_terracotta":3,"minecraft:quartz_block":34,"minecraft:light_gray_terracotta":8,"minecraft:calcite":8,"minecraft:chest":17,"farmersdelight:brown_mushroom_colony":1,"minecraft:cobblestone":49,"minecraft:grindstone":2,"minecraft:oak_planks":10,"minecraft:wall_torch":20,"minecraft:deepslate_copper_ore":1,"minecraft:seagrass":1,"minecraft:stone_stairs":1,"farmersdelight:sandy_shrub":1,"farmersdelight:cutting_board":1,"minecraft:light_gray_wool":25,"minecraft:oak_log":275,"minecraft:beetroots":4,"minecraft:sand":44,"minecraft:dirt":72,"minecraft:oak_leaves":9,"minecraft:tuff":283,"farmersdelight:onions":22,"minecolonies:blockhuttownhall":2,"minecraft:potted_wither_rose":1,"minecraft:deepslate_diamond_ore":21,"minecraft:mangrove_roots":1,"minecraft:gray_stained_glass_pane":6,"minecraft:weathered_copper":7,"minecraft:white_stained_glass":4,"farmersdelight:tomatoes":18,"minecraft:spruce_leaves":30,"farmersdelight:red_mushroom_colony":1,"horror_element_mod:herobrine_head":1,"minecraft:hay_block":6,"minecraft:spruce_sapling":16,"minecraft:furnace":3,"minecraft:carrots":46,"minecraft:stripped_spruce_log":2,"bunker_down:airlock_iron_trapdoor":1,"zombie_extreme:wire":2,"minecraft:polished_deepslate":7,"minecraft:bookshelf":51,"zombie_extreme:oil_shale_sand":17,"minecraft:stripped_oak_log":2,"minecraft:stone":5017,"zombie_extreme:ore_aluminum":14,"minecraft:podzol":14,"minecraft:scaffolding":1,"minecraft:red_wool":11,"minecraft:spruce_door":2,"minecraft:crafting_table":11,"minecraft:lectern":203,"minecraft:lapis_ore":4,"minecraft:spruce_stairs":16,"farmersdelight:wild_beetroots":1,"minecraft:sweet_berry_bush":5,"horror_element_mod:human_remains":4,"minecraft:yellow_bed":4,"k_turrets:titanium_ore":16,"minecraft:coal_ore":98,"minecraft:cracked_stone_bricks":10,"minecraft:mossy_stone_bricks":10},"minecraft:custom":{"minecraft:interact_with_crafting_table":151,"minecraft:open_barrel":10,"minecraft:leave_game":33,"minecraft:time_since_death":2639,"minecraft:play_time":1252248,"minecraft:deaths":93,"minecraft:jump":10614,"minecraft:enchant_item":12,"minecraft:interact_with_furnace":161,"minecraft:traded_with_villager":1108,"minecraft:sleep_in_bed":53,"minecraft:damage_dealt":35625,"minecraft:interact_with_smoker":7,"minecraft:interact_with_anvil":5,"minecraft:sneak_time":44434,"minecraft:interact_with_blast_furnace":10,"minecraft:total_world_time":1252248,"minecraft:interact_with_stonecutter":15,"minecraft:time_since_rest":2708,"minecraft:swim_one_cm":148685,"minecraft:fly_one_cm":1789289,"minecraft:open_chest":642,"minecraft:fall_one_cm":141607,"minecraft:animals_bred":26,"minecraft:damage_resisted":747,"minecraft:sprint_one_cm":2037015,"minecraft:drop":713,"minecraft:talked_to_villager":317,"minecraft:walk_on_water_one_cm":158673,"minecraft:player_kills":4,"minecraft:crouch_one_cm":57240,"minecraft:mob_kills":1004,"minecraft:damage_dealt_resisted":14573,"minecraft:climb_one_cm":116908,"minecraft:walk_one_cm":4546152,"minecraft:walk_under_water_one_cm":102752,"minecraft:boat_one_cm":468236,"minecraft:pot_flower":1,"minecraft:interact_with_grindstone":9,"minecraft:damage_taken":34791,"minecraft:damage_absorbed":958,"minecraft:trigger_trapped_chest":5},"minecraft:killed_by":{"minecraft:zombie_villager":1,"zombie_extreme:assasin_black_ops":1,"zombie_extreme:infected_military":3,"minecraft:zombie":43,"zombie_extreme:crawler":1,"minecraft:husk":4,"zombie_extreme:infected_police":1,"zombie_extreme:devastated":1,"minecraft:sheep":1,"minecraft:zombified_piglin":3,"zombie_extreme:night_hunter":4,"minecraft:drowned":4,"zombie_extreme:chainsaw":1,"zombie_extreme:fetus":1,"zombie_extreme:boomer":1,"minecraft:player":12,"zombie_extreme:military":3},"minecraft:dropped":{"farmersdelight:iron_knife":1,"minecraft:iron_sword":1,"minecraft:glass_bottle":2,"minecraft:diamond":2,"minecraft:crafting_table":7,"minecraft:cracked_stone_bricks":1,"minecraft:red_mushroom":5,"zombie_extreme:rotten_apple":11,"minecraft:dirt":351,"minecraft:grass":3,"zombie_extreme:soda_used":1,"minecraft:sand":11,"minecraft:fermented_spider_eye":5,"minecraft:oak_door":2,"minecraft:stone_axe":71,"minecraft:iron_nugget":1,"minecraft:cobbled_deepslate":1327,"minecraft:rotten_flesh":62,"cgm:basic_bullet":650,"bunker_down:airlock_iron_trapdoor":2,"spartanweaponry:iron_rapier":1,"minecraft:lectern":1,"farmersdelight:tomato_seeds":2,"minecraft:iron_ingot":99,"minecraft:wheat_seeds":39,"minecraft:oak_fence":1,"cgm:mini_gun":1,"minecraft:cobblestone":2616,"zombie_extreme:steel_pickaxe":1,"zombie_extreme:steel_shovel":2,"minecraft:granite":365,"minecraft:coal":5,"zombie_extreme:syringe_drug":1,"minecraft:oxeye_daisy":1,"zombie_extreme:raw_thorium":1,"cgm:medium_scope":1,"minecraft:potion":16,"minecraft:paper":1,"minecraft:string":1,"minecraft:spruce_sapling":18,"minecraft:stone_brick_slab":44,"vanillaplustools:diamond_hammer":2,"minecraft:furnace":2,"minecraft:bricks":4,"minecraft:deepslate":242,"farmersdelight:straw":1,"minecraft:pumpkin_seeds":5,"minecraft:cobblestone_slab":64,"minecraft:potato":416,"minecraft:stone":1539,"minecraft:spruce_planks":71,"minecraft:stone_bricks":38,"farmersdelight:apple_cider":7,"minecraft:diamond_axe":1,"minecraft:oak_log":44,"minecraft:baked_potato":17,"taccraft:assault_vest_leggings":1,"minecraft:flint":3,"taccraft:assault_vest_helmet":1,"minecraft:gravel":55,"minecraft:beetroot":2,"taccraft:assault_vest_chestplate":1,"minecraft:carrot":1,"minecraft:leather_chestplate":1,"zombie_extreme:golf_club":2,"minecraft:beetroot_seeds":12,"minecraft:melon_seeds":6,"minecraft:spruce_pressure_plate":32,"vanillaplustools:stone_hammer":1,"minecraft:iron_bars":287,"spartanweaponry:diamond_flanged_mace":174,"minecraft:stone_hoe":1,"minecraft:bread":7,"cgm:grenade":5,"minecraft:stick":21,"zombie_extreme:magnetic_card":1,"minecraft:deepslate_brick_stairs":123,"minecraft:diorite":133,"spartanweaponry:iron_battleaxe":1,"minecraft:melon_slice":12,"taccraft:assault_vest_boots":1,"spartanweaponry:iron_greatsword":1,"farmersdelight:bacon":4,"minecraft:iron_axe":60,"minecraft:bucket":1,"minecraft:polished_deepslate":3,"minecraft:light_gray_terracotta":3,"minecraft:tuff":18,"projectarsenal:ar15_classic":1,"minecraft:stripped_oak_log":44,"securitycraft:universal_block_remover":4,"zombie_extreme:bronze_nugget":1,"minecraft:andesite":221,"minecraft:light_gray_bed":2,"minecraft:spruce_log":87,"minecraft:stone_pickaxe":57,"minecraft:cracked_deepslate_bricks":1},"minecraft:crafted":{"minecraft:diamond_shovel":4,"minecraft:bookshelf":65,"minecraft:iron_bars":288,"minecraft:melon_seeds":4,"spartanweaponry:diamond_lance":1,"minecraft:emerald":757,"minecraft:cooked_porkchop":3,"minecraft:diamond_axe":3,"farmersdelight:iron_knife":1,"minecraft:spruce_door":3,"minecraft:smithing_table":1,"minecraft:copper_ingot":246,"minecraft:fletching_table":1,"taccraft:plate_bag":4,"minecraft:stone_brick_stairs":31,"minecraft:lectern":1,"minecraft:stone_slab":12,"minecraft:iron_pickaxe":1,"minecraft:gold_ingot":9,"taccraft:armor_plate":4,"minecraft:composter":1,"vanillaplustools:stone_hammer":10,"minecraft:iron_nugget":36,"comforts:sleeping_bag_white":1,"zombie_extreme:steel_pickaxe":1,"minecraft:spruce_fence":216,"taccraft:nylon_cloth":102,"minecraft:stone_stairs":19,"minecraft:spruce_stairs":40,"securitycraft:universal_block_remover":1,"minecraft:ladder":27,"minecraft:spruce_slab":108,"minecraft:stone_pickaxe":101,"farmersdelight:rice":26,"minecraft:spruce_boat":2,"zombie_extreme:steel_shovel":1,"minecraft:wheat":54,"minecraft:enchanting_table":1,"minecraft:deepslate_brick_slab":10,"sophisticatedbackpacks:gold_backpack":1,"minecraft:enchanted_book":2,"minecraft:potion":21,"minecraft:white_bed":10,"minecraft:grindstone":1,"minecraft:oak_planks":56,"taccraft:assault_vest_helmet":2,"minecraft:stone":48,"minecraft:spruce_pressure_plate":32,"minecraft:chest":81,"minecraft:water_bucket":1,"minecraft:stone_hoe":2,"minecraft:stone_bricks":448,"farmersdelight:tomato_seeds":8,"minecraft:crafting_table":10,"minecraft:spruce_planks":16192,"minecraft:wooden_pickaxe":1,"minecraft:baked_potato":64,"taccraft:assault_vest_leggings":2,"farmersdelight:cutting_board":2,"minecraft:spruce_trapdoor":76,"minecraft:book":46,"minecraft:paper":159,"minecraft:diamond_pickaxe":18,"taccraft:aramid_insert":22,"minecraft:stick":25495,"taccraft:assault_vest_boots":2,"minecraft:iron_ingot":257,"minecraft:stone_sword":1,"vanillaplustools:diamond_hammer":2,"minecraft:shears":2,"minecraft:oak_door":3,"minecraft:leather_boots":1,"zombie_extreme:ignotsteel":30,"minecraft:furnace":14,"minecraft:leather":129,"minecraft:polished_deepslate":4,"minecraft:iron_axe":101,"spartanweaponry:diamond_flanged_mace":170,"cgm:workbench":1,"sophisticatedbackpacks:iron_backpack":1,"zombie_extreme:ignot_tin":21,"minecraft:bucket":1,"thirst:terracotta_water_bowl":118,"taccraft:nylon_stripe":52,"minecraft:stone_axe":88,"minecraft:bread":14,"minecraft:air":0,"minecraft:blue_dye":1,"minecraft:white_wool":2,"taccraft:assault_vest_chestplate":2,"minecraft:stonecutter":1,"minecraft:torch":108},"minecraft:picked_up":{"cgm:basic_bullet":5132,"minecraft:flower_pot":1,"minecraft:anvil":2,"minecraft:smithing_table":7,"farmersdelight:rice_panicle":10,"minecraft:wither_rose":3,"minecraft:enchanted_book":1,"projectarsenal:ar15_classic":4,"zombie_extreme:police_suit_chestplate":1,"minecraft:polished_deepslate":7,"farmersdelight:cutting_board":1,"minecraft:string":63,"minecraft:weathered_cut_copper_stairs":4,"minecraft:beetroot":6,"vanillaplustools:stone_shovel":5,"minecraft:cobbled_deepslate":1950,"zombie_extreme:steel_pickaxe":4,"minecraft:gold_nugget":5,"minecraft:spruce_planks":603,"minecraft:enchanted_golden_apple":64,"minecraft:melon_slice":32,"zombie_extreme:ruby":5,"zombie_extreme:raw_aluminum":17,"minecraft:composter":6,"minecraft:deepslate_tile_stairs":1,"minecraft:golden_chestplate":1,"cgm:medium_scope":1,"horror_element_mod:herobrine_head":1,"minecraft:stone_sword":1,"minecraft:light_gray_bed":4,"farmersdelight:onion":109,"zombie_extreme:rotten_apple":34,"securitycraft:universal_block_reinforcer_lvl2":1,"minecraft:iron_bars":6,"spartanweaponry:iron_warhammer":2,"minecraft:feather":1,"farmersdelight:rice":31,"minecraft:iron_door":1,"minecraft:water_bucket":3,"spartanweaponry:iron_battleaxe":1,"minecraft:brown_wool":16,"minecraft:copper_block":11,"minecraft:smoker":1,"vanillaplustools:diamond_hammer":2,"farmersdelight:bacon":4,"minecraft:flint":15,"farmersdelight:tomato":47,"minecraft:lantern":1,"spartanweaponry:iron_rapier":5,"spartanweaponry:iron_greatsword":2,"zombie_extreme:washing_machine":3,"minecraft:gray_terracotta":3,"minecraft:stonecutter":1,"zombie_extreme:syringe_drug":2,"spartanweaponry:iron_saber":1,"minecraft:stripped_spruce_log":71,"minecraft:ink_sac":6,"minecraft:fermented_spider_eye":14,"securitycraft:universal_block_remover":3,"minecraft:deepslate":257,"minecraft:granite":431,"zombie_extreme:raw_thorium":14,"minecraft:bread":60,"minecraft:bricks":6,"zombie_extreme:titan_nugget":1,"sophisticatedbackpacks:gold_backpack":2,"minecraft:crafting_table":14,"zombie_extreme:raw_tin":28,"minecraft:cornflower":2,"minecraft:cracked_stone_bricks":17,"minecraft:beef":5,"minecraft:iron_nugget":3,"minecraft:spruce_slab":12,"minecraft:chest":20,"minecraft:egg":4,"minecraft:stone":1417,"minecraft:spruce_fence":331,"farmersdelight:tomato_seeds":19,"securitycraft:reinforced_iron_bars":97,"zombie_extreme:canned_stew":1,"minecraft:carrot":200,"minecraft:redstone":2,"zombie_extreme:steel_shovel":4,"minecraft:stone_shovel":1,"minecraft:beetroot_seeds":14,"minecraft:hay_block":6,"minecraft:cracked_deepslate_bricks":1,"minecraft:gold_ingot":20,"sophisticatedbackpacks:copper_backpack":1,"minecraft:mutton":16,"minecraft:white_wool":132,"minecraft:oxeye_daisy":1,"minecraft:stripped_oak_log":122,"minecraft:red_mushroom":15,"minecraft:oak_log":295,"zombie_extreme:bronze_nugget":4,"minecraft:golden_boots":2,"minecraft:paper":2,"zombie_extreme:raw_steel":40,"minecraft:white_banner":2,"zombie_extreme:raw_lead":12,"minecraft:apple":16,"minecraft:stone_bricks":172,"thirst:terracotta_water_bowl":50,"minecraft:stone_pickaxe":60,"zombie_extreme:barbed_fence":1,"zombie_extreme:magnetic_card":1,"minecraft:glass_bottle":4,"spartanweaponry:iron_dagger":1,"minecraft:sweet_berries":59,"minecraft:red_wool":10,"minecraft:gravel":62,"minecraft:weathered_copper":7,"minecraft:spruce_sapling":630,"thirst:terracotta_bowl":3,"minecraft:spruce_log":5330,"minecraft:leather_helmet":1,"minecraft:stone_axe":10,"minecraft:diamond_axe":1,"minecraft:baked_potato":53,"minecraft:melon_seeds":3,"minecraft:ender_pearl":1,"minecraft:wheat":105,"minecraft:stone_brick_stairs":16,"spartanweaponry:diamond_flanged_mace":4,"spartanweaponry:iron_katana":3,"minecraft:raw_copper":291,"zombie_extreme:golf_club":2,"minecraft:bucket":3,"farmersdelight:cabbage":2,"comforts:sleeping_bag_white":23,"securitycraft:reinforced_spruce_planks":2,"minecraft:cobblestone_slab":64,"zombie_extreme:oil_shale":17,"farmersdelight:cabbage_seeds":12,"minecraft:furnace":3,"zombie_extreme:police_suit_helmet":2,"minecraft:stick":900,"bunker_down:airlock_iron_trapdoor":1,"farmersdelight:rotten_tomato":2,"minecraft:oak_fence":1,"minecraft:torch":56,"minecraft:spruce_stairs":6,"minecraft:porkchop":4,"minecraft:diorite":161,"zombie_extreme:radio_installation":3,"minecraft:quartz_block":14,"minecraft:rotten_flesh":651,"farmersdelight:tree_bark":195,"minecraft:deepslate_brick_stairs":29,"minecraft:obsidian":4,"minecraft:cobblestone":4383,"minecraft:enchanting_table":2,"minecraft:leather_chestplate":1,"minecraft:andesite":268,"zombie_extreme:juggernaut_suit_leggings":1,"minecraft:golden_leggings":1,"bunker_down:steel_vent":3,"minecraft:potato":1183,"minecraft:tuff":18,"minecraft:lapis_lazuli":10,"minecraft:dirt":1206,"cgm:grenade":10,"minecraft:leather_boots":1,"minecraft:bone":9,"minecraft:wheat_seeds":362,"minecraft:raw_gold":39,"farmersdelight:pumpkin_slice":32,"minecraft:grindstone":2,"minecraft:mossy_stone_bricks":3,"minecraft:oak_planks":15,"minecraft:poisonous_potato":3,"minecraft:sand":44,"minecraft:light_gray_concrete":12,"minecraft:light_gray_terracotta":15,"minecraft:sugar":1,"minecraft:diamond":56,"minecraft:slime_block":2,"minecraft:spruce_boat":3,"minecraft:crossbow":1,"minecraft:grass":6,"minecraft:emerald":28,"minecraft:oak_sapling":96,"minecraft:fishing_rod":2,"minecraft:charcoal":5,"minecraft:allium":7,"minecraft:azure_bluet":1,"minecraft:brown_mushroom":15,"minecraft:stone_brick_wall":1,"minecraft:brick":2,"minecraft:stone_stairs":1,"minecraft:iron_axe":19,"cgm:mini_gun":1,"farmersdelight:straw":2,"minecraft:oak_boat":4,"minecraft:light_gray_wool":25,"minecraft:lectern":204,"minecraft:sugar_cane":165,"minecraft:spruce_trapdoor":20,"minecraft:raw_iron":204,"minecraft:copper_ingot":5,"k_turrets:raw_titanium":16,"zombie_extreme:butcher_knife":2,"farmersdelight:rich_soil":6,"minecraft:oxidized_cut_copper_stairs":1,"minecraft:salmon":2,"minecraft:leather":34,"minecraft:gunpowder":153,"securitycraft:keypad_chest":6,"minecraft:yellow_bed":4,"minecraft:cobblestone_wall":5,"taccraft:nylon_cloth":2,"farmersdelight:apple_cider":36,"minecraft:iron_ingot":13,"zombie_extreme:cloth":7,"minecraft:book":153,"minecraft:scaffolding":4,"minecraft:pumpkin":6,"minecraft:stone_brick_slab":97,"minecraft:quartz":4,"minecraft:dandelion":2,"minecraft:lava_bucket":2,"minecraft:amethyst_shard":6,"minecraft:blast_furnace":1,"minecraft:white_bed":11,"minecraft:spruce_door":6,"minecraft:pumpkin_seeds":5,"vanillaplustools:stone_hammer":4,"minecraft:coal":97}},"DataVersion":3120}