{"stats":{"minecraft:custom":{"minecraft:interact_with_crafting_table":183,"minecraft:open_barrel":10,"minecraft:leave_game":35,"minecraft:time_since_death":118158,"minecraft:play_time":1468965,"minecraft:deaths":97,"minecraft:jump":11731,"minecraft:enchant_item":12,"minecraft:interact_with_furnace":211,"minecraft:traded_with_villager":1266,"minecraft:sleep_in_bed":63,"minecraft:damage_dealt":42972,"minecraft:interact_with_smoker":7,"minecraft:interact_with_anvil":5,"minecraft:damage_dealt_absorbed":80,"minecraft:sneak_time":47421,"minecraft:interact_with_blast_furnace":15,"minecraft:total_world_time":1468965,"minecraft:interact_with_stonecutter":15,"minecraft:time_since_rest":1239,"minecraft:swim_one_cm":158275,"minecraft:fly_one_cm":2004438,"minecraft:open_chest":758,"minecraft:fall_one_cm":153947,"minecraft:animals_bred":28,"minecraft:damage_resisted":747,"minecraft:sprint_one_cm":2299306,"minecraft:drop":794,"minecraft:talked_to_villager":344,"minecraft:walk_on_water_one_cm":170072,"minecraft:player_kills":4,"minecraft:crouch_one_cm":58857,"minecraft:mob_kills":1373,"minecraft:damage_dealt_resisted":22588,"minecraft:climb_one_cm":135716,"minecraft:walk_one_cm":5251266,"minecraft:walk_under_water_one_cm":110917,"minecraft:boat_one_cm":503476,"minecraft:pot_flower":1,"minecraft:interact_with_grindstone":9,"minecraft:damage_taken":38886,"minecraft:damage_absorbed":1118,"minecraft:trigger_trapped_chest":5},"minecraft:mined":{"minecraft:white_bed":17,"minecraft:obsidian":6,"minecraft:granite":708,"minecraft:brown_wool":17,"zombie_extreme:deepslate_lead":1,"minecraft:light_gray_bed":3,"minecraft:deepslate_tile_stairs":1,"minecraft:oxeye_daisy":1,"minecraft:spawner":3,"minecraft:light_blue_stained_glass":21,"minecraft:tall_seagrass":1,"minecraft:magma_block":1,"minecraft:cobbled_deepslate":13,"minecraft:fire":7,"zombie_extreme:ore_steel":38,"minecraft:pumpkin":6,"minecraft:deepslate_lapis_ore":1,"minecraft:enchanting_table":2,"minecraft:sculk_shrieker":1,"zombie_extreme:deepslate_tin":2,"minecraft:dirt_path":1,"minecraft:light_gray_concrete":12,"minecraft:deepslate_brick_stairs":14,"farmersdelight:rice_panicles":12,"zombie_extreme:washing_machine":3,"minecraft:smoker":1,"minecraft:amethyst_cluster":3,"minecraft:oxidized_cut_copper_stairs":1,"minecraft:torch":29,"minecraft:blast_furnace":3,"minecraft:melon":5,"minecraft:white_stained_glass_pane":4,"farmersdelight:cabbages":7,"minecraft:sugar_cane":133,"minecraft:bricks":9,"minecraft:weathered_cut_copper_stairs":20,"zombie_extreme:metal_fence":1,"zombie_extreme:thorium_ore":12,"minecraft:wheat":113,"zombie_extreme:ore_ruby":4,"minecraft:wither_rose":1,"zombie_extreme:deepslate_steel":2,"minecraft:stone_brick_stairs":2,"minecraft:copper_block":11,"minecraft:grass":94,"quark:feeding_trough":1,"minecraft:smooth_basalt":7,"minecraft:stonecutter":1,"minecraft:deepslate":2752,"minecraft:blue_stained_glass_pane":2,"farmersdelight:wild_carrots":25,"minecraft:spruce_fence":275,"farmersdelight:wild_cabbages":2,"minecraft:red_mushroom":1,"farmersdelight:wild_onions":4,"zombie_extreme:ore_lead":2,"minecraft:andesite":555,"bunker_down:steel_vent":3,"minecraft:potatoes":228,"zombie_extreme:radio_installation":2,"minecraft:white_wool":109,"minecraft:smithing_table":7,"minecraft:glass_pane":2,"minecraft:stone_brick_slab":15,"minecraft:tall_grass":18,"minecraft:copper_ore":45,"minecraft:deepslate_gold_ore":8,"minecraft:cracked_deepslate_bricks":2,"minecraft:diorite":270,"zombie_extreme:ore_tin":21,"minecraft:cobblestone_wall":8,"minecraft:spruce_log":8304,"minecraft:gravel":50,"minecraft:cobweb":6,"minecraft:stone_bricks":114,"minecraft:gold_ore":21,"minecraft:spruce_planks":459,"farmersdelight:rich_soil":9,"minecraft:oak_sapling":1,"minecraft:farmland":2,"minecraft:sculk_vein":1,"minecraft:spruce_trapdoor":19,"minecraft:grass_block":1145,"zombie_extreme:deepslate_thorium":1,"minecraft:composter":6,"comforts:sleeping_bag_white":13,"minecolonies:blockconstructiontape":2,"farmersdelight:wild_rice":11,"farmersdelight:rice":20,"minecraft:iron_ore":153,"minecraft:anvil":2,"minecraft:iron_bars":6,"minecraft:spruce_slab":12,"minecraft:gray_terracotta":3,"minecraft:quartz_block":34,"minecraft:light_gray_terracotta":8,"minecraft:calcite":8,"minecraft:chest":17,"farmersdelight:brown_mushroom_colony":1,"minecraft:cobblestone":52,"minecraft:grindstone":2,"minecraft:oak_planks":10,"minecraft:wall_torch":22,"minecraft:deepslate_copper_ore":1,"minecraft:seagrass":1,"minecraft:stone_stairs":1,"farmersdelight:sandy_shrub":1,"farmersdelight:cutting_board":1,"minecraft:light_gray_wool":25,"minecraft:oak_log":275,"minecraft:beetroots":4,"minecraft:sand":44,"minecraft:dirt":72,"minecraft:oak_leaves":9,"minecraft:tuff":283,"farmersdelight:onions":22,"minecolonies:blockhuttownhall":2,"minecraft:potted_wither_rose":1,"minecraft:deepslate_diamond_ore":21,"minecraft:mangrove_roots":1,"minecraft:gray_stained_glass_pane":6,"minecraft:weathered_copper":7,"minecraft:white_stained_glass":4,"farmersdelight:tomatoes":18,"minecraft:spruce_leaves":44,"farmersdelight:red_mushroom_colony":1,"horror_element_mod:herobrine_head":1,"minecraft:hay_block":6,"minecraft:spruce_sapling":18,"minecraft:furnace":3,"minecraft:carrots":46,"minecraft:stripped_spruce_log":2,"bunker_down:airlock_iron_trapdoor":1,"zombie_extreme:wire":2,"minecraft:polished_deepslate":7,"minecraft:bookshelf":53,"zombie_extreme:oil_shale_sand":17,"minecraft:stripped_oak_log":2,"minecraft:stone":5017,"zombie_extreme:ore_aluminum":14,"minecraft:podzol":14,"minecraft:scaffolding":1,"minecraft:red_wool":11,"minecraft:spruce_door":2,"minecraft:crafting_table":11,"minecraft:lectern":209,"minecraft:lapis_ore":4,"minecraft:spruce_stairs":16,"farmersdelight:wild_beetroots":1,"minecraft:sweet_berry_bush":5,"horror_element_mod:human_remains":4,"minecraft:yellow_bed":4,"k_turrets:titanium_ore":16,"minecraft:coal_ore":100,"minecraft:cracked_stone_bricks":10,"minecraft:mossy_stone_bricks":10},"minecraft:crafted":{"securitycraft:keypad_item":1,"minecraft:diamond_shovel":4,"minecraft:bookshelf":75,"minecraft:iron_bars":288,"minecraft:melon_seeds":4,"minecraft:iron_door":3,"spartanweaponry:diamond_lance":1,"minecraft:emerald":904,"minecraft:cooked_porkchop":3,"minecraft:diamond_axe":3,"farmersdelight:iron_knife":1,"minecraft:spruce_door":3,"minecraft:smithing_table":1,"minecraft:copper_ingot":246,"minecraft:fletching_table":1,"taccraft:plate_bag":9,"minecraft:stone_brick_stairs":31,"minecraft:lectern":3,"minecraft:stone_slab":12,"minecraft:iron_pickaxe":1,"minecraft:gold_ingot":31,"taccraft:armor_plate":8,"minecraft:composter":1,"farmersdelight:melon_juice":13,"vanillaplustools:stone_hammer":10,"minecraft:iron_nugget":36,"comforts:sleeping_bag_white":1,"zombie_extreme:steel_pickaxe":1,"minecraft:spruce_fence":216,"taccraft:nylon_cloth":314,"minecraft:white_carpet":3,"minecraft:stone_stairs":19,"minecraft:spruce_stairs":40,"securitycraft:universal_block_remover":1,"minecraft:ladder":27,"minecraft:spruce_slab":126,"minecraft:stone_pickaxe":101,"farmersdelight:rice":26,"minecraft:spruce_boat":2,"zombie_extreme:steel_shovel":1,"minecraft:wheat":54,"quark:feeding_trough":2,"minecraft:enchanting_table":1,"minecraft:deepslate_brick_slab":10,"sophisticatedbackpacks:gold_backpack":1,"minecraft:enchanted_book":3,"securitycraft:door_indestructible_iron_item":1,"minecraft:potion":21,"minecraft:white_bed":10,"minecraft:grindstone":1,"minecraft:oak_planks":56,"taccraft:assault_vest_helmet":4,"minecraft:stone":48,"minecraft:heavy_weighted_pressure_plate":1,"minecraft:spruce_pressure_plate":32,"minecraft:chest":81,"minecraft:water_bucket":1,"minecraft:stone_hoe":2,"minecraft:stone_bricks":448,"securitycraft:keypad_door_item":1,"farmersdelight:tomato_seeds":8,"minecraft:crafting_table":10,"minecraft:spruce_planks":16236,"minecraft:wooden_pickaxe":1,"minecraft:baked_potato":64,"taccraft:assault_vest_leggings":4,"farmersdelight:cutting_board":2,"minecraft:spruce_trapdoor":82,"minecraft:diamond_pickaxe":18,"minecraft:book":53,"minecraft:paper":159,"minecraft:charcoal":738,"taccraft:aramid_insert":52,"minecraft:stick":30591,"minecraft:iron_ingot":257,"taccraft:assault_vest_boots":4,"minecraft:stone_sword":1,"vanillaplustools:diamond_hammer":2,"minecraft:shears":4,"minecraft:oak_door":3,"minecraft:leather_boots":3,"zombie_extreme:ignotsteel":30,"minecraft:furnace":14,"minecraft:stone_button":13,"securitycraft:keypad_frame":1,"minecraft:flint_and_steel":1,"minecraft:leather":228,"minecraft:polished_deepslate":4,"minecraft:iron_axe":101,"minecraft:spruce_wood":3,"spartanweaponry:diamond_flanged_mace":170,"cgm:workbench":1,"sophisticatedbackpacks:iron_backpack":1,"minecraft:sugar":39,"zombie_extreme:ignot_tin":21,"minecraft:bucket":1,"thirst:terracotta_water_bowl":118,"taccraft:nylon_stripe":308,"minecraft:stone_axe":88,"minecraft:bread":14,"minecraft:air":0,"minecraft:blue_dye":1,"quark:spruce_bookshelf":2,"minecraft:white_wool":2,"taccraft:assault_vest_chestplate":4,"minecraft:stonecutter":1,"minecraft:torch":108},"minecraft:dropped":{"farmersdelight:iron_knife":1,"minecraft:iron_sword":1,"minecraft:glass_bottle":37,"minecraft:diamond":2,"minecraft:crafting_table":7,"minecraft:cracked_stone_bricks":1,"minecraft:red_mushroom":5,"zombie_extreme:rotten_apple":12,"minecraft:dirt":358,"minecraft:grass":3,"zombie_extreme:soda_used":1,"minecraft:gold_nugget":2,"minecraft:sand":11,"minecraft:sugar":39,"spartanweaponry:iron_dagger":1,"minecraft:fermented_spider_eye":6,"minecraft:oak_door":2,"minecraft:stone_axe":71,"minecraft:iron_nugget":15,"minecraft:cobbled_deepslate":1327,"minecraft:wheat":2,"minecraft:rotten_flesh":103,"minecraft:azure_bluet":1,"minecraft:salmon":2,"farmersdelight:rice_panicle":1,"cgm:basic_bullet":650,"bunker_down:airlock_iron_trapdoor":2,"minecraft:spruce_slab":26,"spartanweaponry:iron_rapier":3,"minecraft:lectern":1,"farmersdelight:tomato_seeds":2,"minecraft:enchanted_book":1,"minecraft:iron_ingot":99,"minecraft:wheat_seeds":85,"minecraft:oak_fence":1,"cgm:mini_gun":1,"minecraft:cobblestone":2616,"zombie_extreme:steel_pickaxe":1,"zombie_extreme:steel_shovel":2,"minecraft:granite":365,"minecraft:coal":5,"zombie_extreme:syringe_drug":1,"minecraft:oxeye_daisy":1,"zombie_extreme:raw_thorium":1,"cgm:medium_scope":1,"minecraft:potion":16,"minecraft:paper":3,"minecraft:string":1,"minecraft:spruce_sapling":181,"minecraft:stone_brick_slab":49,"vanillaplustools:diamond_hammer":2,"minecraft:furnace":2,"minecraft:bricks":4,"minecraft:cobblestone_wall":2,"minecraft:bowl":1,"minecraft:deepslate":242,"minecraft:stone_slab":5,"farmersdelight:straw":1,"minecraft:spruce_fence":65,"minecraft:pumpkin_seeds":5,"minecraft:potato":416,"minecraft:cobblestone_slab":64,"minecraft:stone":1600,"minecraft:spruce_trapdoor":1,"minecraft:spruce_planks":90,"minecraft:stone_bricks":38,"farmersdelight:apple_cider":7,"minecraft:diamond_axe":1,"minecraft:oak_log":44,"minecraft:baked_potato":17,"taccraft:assault_vest_leggings":2,"minecraft:flint":3,"taccraft:assault_vest_helmet":3,"zombie_extreme:black_ops_glasses_helmet":1,"spartanweaponry:iron_katana":4,"minecraft:gravel":55,"projectarsenal:arx160":1,"minecraft:beetroot":2,"taccraft:assault_vest_chestplate":3,"minecraft:carrot":1,"minecraft:leather_chestplate":1,"zombie_extreme:golf_club":2,"minecraft:beetroot_seeds":13,"minecraft:melon_seeds":7,"minecraft:spruce_pressure_plate":32,"vanillaplustools:stone_hammer":1,"comforts:sleeping_bag_white":1,"minecraft:iron_bars":287,"spartanweaponry:diamond_flanged_mace":174,"minecraft:stone_hoe":1,"minecraft:bread":7,"cgm:grenade":5,"minecraft:bookshelf":3,"minecraft:stick":21,"zombie_extreme:magnetic_card":1,"minecraft:deepslate_brick_stairs":123,"minecraft:diorite":133,"spartanweaponry:iron_battleaxe":1,"minecraft:melon_slice":12,"taccraft:assault_vest_boots":2,"spartanweaponry:iron_greatsword":2,"farmersdelight:bacon":4,"minecraft:iron_axe":71,"minecraft:bucket":1,"minecraft:dandelion":1,"minecraft:polished_deepslate":3,"minecraft:light_gray_terracotta":3,"minecraft:tuff":18,"farmersdelight:cabbage_seeds":2,"projectarsenal:ar15_classic":1,"minecraft:stripped_oak_log":44,"securitycraft:universal_block_remover":4,"spartanweaponry:iron_warhammer":1,"zombie_extreme:bronze_nugget":1,"minecraft:andesite":225,"minecraft:light_gray_bed":2,"minecraft:spruce_log":106,"minecraft:stone_pickaxe":58,"minecraft:cracked_deepslate_bricks":1},"minecraft:broken":{"taccraft:assault_vest_helmet":1,"taccraft:assault_vest_leggings":1,"taccraft:assault_vest_chestplate":1,"minecraft:stone_hoe":1,"vanillaplustools:stone_hammer":4,"minecraft:iron_axe":2,"zombie_extreme:police_suit_chestplate":1,"vanillaplustools:stone_shovel":1,"taccraft:assault_vest_boots":1,"minecraft:stone_pickaxe":1,"minecraft:stone_axe":8,"minecraft:diamond_axe":1},"minecraft:used":{"minecraft:spruce_slab":53,"farmersdelight:cabbage_seeds":6,"minecraft:ladder":16,"minecraft:chest":94,"minecraft:stone":180,"spartanweaponry:diamond_flanged_mace":2,"minecraft:weathered_copper":7,"securitycraft:keypad_item":1,"minecraft:deepslate_brick_slab":5,"minecraft:spruce_boat":8,"spartanweaponry:diamond_lance":274,"minecraft:lava_bucket":2,"scorchedguns:steyr_smg":8,"minecraft:quartz_block":6,"minecraft:stone_brick_stairs":40,"minecraft:sweet_berries":12,"minecraft:oak_sapling":2,"minecraft:furnace":15,"minecraft:egg":1,"minecraft:potato":255,"farmersdelight:hamburger":6,"bunker_down:steel_vent":2,"minecraft:diorite":8,"minecraft:spruce_door":6,"securitycraft:reinforced_spruce_planks":2,"minecraft:wooden_pickaxe":6,"securitycraft:keypad_frame":1,"minecraft:composter":6,"farmersdelight:pumpkin_slice":28,"minecraft:sand":22,"minecraft:blast_furnace":3,"securitycraft:universal_block_remover":6,"farmersdelight:rice":20,"minecraft:deepslate_brick_stairs":112,"minecraft:stone_button":5,"minecraft:lectern":212,"minecraft:smithing_table":8,"projectarsenal:ar15_classic":4446,"minecraft:oak_boat":4,"cgm:mini_gun":447,"minecraft:iron_bars":8,"minecraft:enchanting_table":3,"minecraft:stone_sword":20,"scorchedguns:lg8_grenade_launcher":12,"farmersdelight:vegetable_noodles":1,"vanillaplustools:stone_hammer":947,"minecraft:torch":181,"minecraft:anvil":3,"minecraft:stone_stairs":3,"minecraft:iron_axe":3838,"minecraft:melon_seeds":4,"comforts:sleeping_bag_white":34,"farmersdelight:tomato_seeds":6,"minecraft:cobbled_deepslate":34,"minecraft:wheat_seeds":104,"taccraft:assault_vest_helmet":1,"minecraft:water_bucket":84,"minecraft:fletching_table":1,"zombie_extreme:chips":4,"minecraft:crafting_table":16,"vanillaplustools:stone_shovel":182,"zombie_extreme:washing_machine":3,"minecraft:white_bed":25,"minecraft:spruce_log":106,"thirst:terracotta_water_bowl":147,"minecraft:oak_log":100,"minecraft:diamond_shovel":6,"minecraft:iron_pickaxe":149,"cgm:grenade":1,"minecraft:spruce_trapdoor":71,"minecraft:spruce_sapling":463,"minecraft:cobblestone":352,"minecraft:potion":7,"minecraft:cooked_porkchop":3,"projectarsenal:arx160":1270,"minecraft:stripped_oak_log":50,"minecraft:polished_deepslate":4,"minecraft:iron_sword":2,"quark:feeding_trough":3,"minecraft:grass":3,"farmersdelight:melon_juice":12,"minecraft:carrot":105,"zombie_extreme:steel_pickaxe":567,"horror_element_mod:human_remains":4,"minecraft:bricks":1,"minecraft:lantern":2,"minecraft:stone_bricks":176,"farmersdelight:cutting_board":2,"zombie_extreme:green_apple":1,"minecraft:stone_pickaxe":233,"minecraft:sugar_cane":78,"minecraft:diamond_axe":4472,"minecraft:white_wool":22,"vanillaplustools:diamond_hammer":249,"minecraft:light_gray_terracotta":4,"minecraft:shears":86,"minecraft:brown_wool":1,"minecraft:bread":50,"zombie_extreme:radio_installation":1,"minecraft:iron_door":6,"minecraft:deepslate":15,"minecraft:gravel":7,"minecraft:grindstone":3,"minecraft:andesite":5,"zombie_extreme:butcher_knife":514,"minecraft:flint_and_steel":4,"securitycraft:keypad_chest":2,"minecraft:spruce_planks":1530,"scorchedguns:lm_spear_trough":9,"minecraft:stone_hoe":178,"securitycraft:reinforced_iron_bars":97,"minecraft:dirt":259,"cgm:workbench":1,"minecraft:white_carpet":2,"minecraft:spruce_stairs":30,"minecraft:spruce_fence":311,"minecraft:stone_brick_slab":10,"minecraft:bookshelf":66,"zombie_extreme:steel_shovel":275,"spartanweaponry:iron_rapier":1,"minecraft:deepslate_tile_stairs":1,"zombie_extreme:soda":1,"minecraft:pumpkin":1,"minecraft:enchanted_golden_apple":64,"minecraft:light_gray_bed":3,"minecraft:cooked_mutton":3,"minecraft:baked_potato":74,"zombie_extreme:rotten_apple":1,"minecraft:stonecutter":1,"farmersdelight:onion":49,"minecraft:red_mushroom":1,"minecraft:smoker":1,"minecraft:flower_pot":1,"farmersdelight:apple_cider":35,"minecraft:stone_axe":1643,"minecraft:white_banner":1,"minecraft:bucket":91,"horror_element_mod:herobrine_head":1,"minecraft:yellow_bed":3,"minecraft:wither_rose":1},"minecraft:killed":{"zombie_extreme:night_hunter":14,"minecraft:zombie_horse":10,"zombie_extreme:ram":3,"minecraft:chicken":2,"k_turrets:cobble_turret":1,"zombie_extreme:infected_hazmat":6,"minecraft:salmon":11,"zombie_extreme:chainsaw":7,"kevin_trophy:blister_zombie":12,"minecraft:pillager":9,"minecraft:zombie":786,"minecraft:cow":20,"minecraft:zoglin":5,"zombie_extreme:runner":15,"zombie_extreme:crawler":13,"rottencreatures:undead_miner":1,"minecraft:husk":63,"zombie_extreme:boomer":11,"zombie_extreme:infected_military":17,"zombie_extreme:military":6,"zombie_extreme:assasin_black_ops":5,"minecraft:zombified_piglin":9,"zombie_extreme:infected_juggernaut":4,"zombie_extreme:divided":5,"minecraft:pig":2,"minecraft:zombie_villager":4,"zombie_extreme:bomber":5,"minecraft:sheep":10,"zombie_extreme:infected_police":14,"zombie_extreme:devastated":5,"zombie_extreme:fetus":3,"minecraft:phantom":1,"kevin_trophy:spitter_zombie":2,"minecraft:drowned":148,"zombie_extreme:infected":21,"minecraft:bat":1,"minecraft:squid":3,"kevin_trophy:crawler_zombie":2,"mutantmonsters:mutant_zombie":1},"minecraft:killed_by":{"minecraft:zombie_villager":1,"zombie_extreme:assasin_black_ops":1,"zombie_extreme:infected_military":3,"minecraft:zombie":45,"zombie_extreme:crawler":1,"minecraft:husk":4,"zombie_extreme:infected_police":1,"zombie_extreme:devastated":1,"minecraft:sheep":2,"minecraft:zombified_piglin":3,"zombie_extreme:night_hunter":4,"minecraft:drowned":4,"zombie_extreme:chainsaw":1,"zombie_extreme:fetus":1,"zombie_extreme:boomer":1,"minecraft:player":13,"zombie_extreme:military":3},"minecraft:picked_up":{"cgm:basic_bullet":6282,"minecraft:flower_pot":1,"minecraft:anvil":2,"minecraft:smithing_table":7,"farmersdelight:rice_panicle":11,"minecraft:wither_rose":3,"minecraft:enchanted_book":1,"projectarsenal:ar15_classic":4,"zombie_extreme:police_suit_chestplate":1,"farmersdelight:cutting_board":1,"minecraft:polished_deepslate":7,"minecraft:string":255,"minecraft:weathered_cut_copper_stairs":4,"minecraft:beetroot":6,"vanillaplustools:stone_shovel":5,"zombie_extreme:steel_pickaxe":4,"minecraft:gold_nugget":5,"minecraft:cobbled_deepslate":1950,"minecraft:spruce_planks":656,"minecraft:enchanted_golden_apple":64,"minecraft:melon_slice":32,"zombie_extreme:ruby":5,"zombie_extreme:raw_aluminum":17,"minecraft:composter":6,"minecraft:deepslate_tile_stairs":1,"minecraft:golden_chestplate":1,"cgm:medium_scope":1,"horror_element_mod:herobrine_head":1,"automobility:automobile_frame":2,"minecraft:stone_sword":1,"minecraft:light_gray_bed":4,"farmersdelight:onion":109,"zombie_extreme:rotten_apple":35,"minecraft:carved_pumpkin":4,"securitycraft:universal_block_reinforcer_lvl2":1,"farmersdelight:melon_juice":8,"minecraft:iron_bars":6,"spartanweaponry:iron_warhammer":3,"minecraft:feather":1,"farmersdelight:rice":31,"minecraft:iron_door":3,"minecraft:water_bucket":3,"spartanweaponry:iron_battleaxe":2,"minecraft:brown_wool":65,"minecraft:copper_block":11,"minecraft:smoker":1,"vanillaplustools:diamond_hammer":2,"farmersdelight:bacon":4,"minecraft:flint":15,"minecraft:lantern":1,"farmersdelight:tomato":62,"spartanweaponry:iron_rapier":5,"zombie_extreme:washing_machine":3,"minecraft:gray_terracotta":3,"minecraft:stonecutter":1,"spartanweaponry:iron_greatsword":3,"spartanweaponry:iron_saber":1,"zombie_extreme:syringe_drug":2,"automobility:automobile_engine":3,"minecraft:stripped_spruce_log":71,"minecraft:ink_sac":9,"minecraft:fermented_spider_eye":15,"securitycraft:universal_block_remover":4,"minecraft:deepslate":257,"minecraft:granite":431,"zombie_extreme:raw_thorium":14,"minecraft:bread":60,"zombie_extreme:titan_nugget":1,"minecraft:bricks":6,"sophisticatedbackpacks:gold_backpack":2,"minecraft:crafting_table":14,"zombie_extreme:raw_tin":28,"minecraft:cornflower":2,"minecraft:cracked_stone_bricks":17,"minecraft:beef":35,"minecraft:iron_nugget":3,"minecraft:spruce_slab":12,"minecraft:chest":20,"minecraft:egg":4,"minecraft:stone":1478,"minecraft:spruce_fence":388,"farmersdelight:tomato_seeds":19,"securitycraft:reinforced_iron_bars":97,"zombie_extreme:canned_stew":1,"minecraft:carrot":201,"minecraft:redstone":2,"zombie_extreme:steel_shovel":4,"minecraft:stone_shovel":1,"minecraft:beetroot_seeds":14,"farmersdelight:hamburger":44,"minecraft:hay_block":6,"minecraft:cracked_deepslate_bricks":1,"minecraft:gold_ingot":20,"sophisticatedbackpacks:copper_backpack":1,"minecraft:mutton":16,"minecraft:white_wool":223,"minecraft:oxeye_daisy":1,"minecraft:stripped_oak_log":122,"zombie_extreme:m_9_knife":1,"taccraft:assault_vest_helmet":1,"minecraft:red_mushroom":31,"minecraft:oak_log":295,"zombie_extreme:bronze_nugget":4,"minecraft:golden_boots":2,"minecraft:paper":4,"zombie_extreme:raw_steel":40,"minecraft:white_banner":2,"zombie_extreme:raw_lead":12,"automobility:automobile_wheel":12,"minecraft:apple":16,"minecraft:stone_bricks":172,"thirst:terracotta_water_bowl":50,"minecraft:stone_pickaxe":60,"zombie_extreme:barbed_fence":1,"zombie_extreme:magnetic_card":1,"minecraft:glass_bottle":5,"spartanweaponry:iron_dagger":2,"minecraft:sweet_berries":59,"minecraft:red_wool":10,"minecraft:weathered_copper":7,"minecraft:gravel":62,"minecraft:spruce_sapling":929,"thirst:terracotta_bowl":3,"minecraft:spruce_log":7833,"minecraft:leather_helmet":1,"minecraft:stone_axe":10,"minecraft:diamond_axe":1,"securitycraft:keypad":1,"minecraft:baked_potato":53,"minecraft:melon_seeds":3,"minecraft:ender_pearl":1,"minecraft:wheat":143,"minecraft:redstone_block":7,"minecraft:stone_brick_stairs":16,"spartanweaponry:diamond_flanged_mace":4,"spartanweaponry:iron_katana":4,"minecraft:raw_copper":291,"zombie_extreme:golf_club":2,"farmersdelight:vegetable_noodles":1,"minecraft:bucket":3,"farmersdelight:cabbage":11,"comforts:sleeping_bag_white":35,"securitycraft:reinforced_spruce_planks":2,"minecraft:cobblestone_slab":64,"zombie_extreme:oil_shale":17,"farmersdelight:cabbage_seeds":41,"minecraft:furnace":4,"zombie_extreme:police_suit_helmet":2,"minecraft:stick":1051,"bunker_down:airlock_iron_trapdoor":1,"farmersdelight:rotten_tomato":2,"minecraft:oak_fence":1,"minecraft:torch":62,"minecraft:spruce_stairs":6,"minecraft:porkchop":10,"minecraft:diorite":161,"zombie_extreme:radio_installation":3,"minecraft:quartz_block":14,"minecraft:rotten_flesh":781,"projectarsenal:arx160":2,"farmersdelight:tree_bark":195,"minecraft:deepslate_brick_stairs":29,"minecraft:obsidian":38,"minecraft:cobblestone":4386,"minecraft:enchanting_table":2,"minecraft:leather_chestplate":1,"minecraft:andesite":270,"zombie_extreme:juggernaut_suit_leggings":1,"minecraft:golden_leggings":1,"bunker_down:steel_vent":3,"minecraft:potato":1187,"minecraft:tuff":18,"minecraft:lapis_lazuli":10,"minecraft:dirt":1234,"scorchedguns:heavy_bullet":60,"cgm:grenade":10,"minecraft:leather_boots":1,"minecraft:bone":10,"minecraft:wheat_seeds":428,"minecraft:raw_gold":39,"farmersdelight:pumpkin_slice":32,"minecraft:grindstone":2,"minecraft:mossy_stone_bricks":3,"minecraft:oak_planks":15,"quark:feeding_trough":1,"minecraft:poisonous_potato":3,"automobility:rear_attachment":3,"minecraft:sand":44,"minecraft:light_gray_concrete":12,"minecraft:light_gray_terracotta":15,"minecraft:sugar":1,"minecraft:diamond":62,"minecraft:slime_block":2,"minecraft:spruce_boat":8,"minecraft:crossbow":1,"minecraft:grass":6,"minecraft:emerald":28,"minecraft:oak_sapling":96,"minecraft:fishing_rod":2,"minecraft:charcoal":5,"minecraft:allium":7,"minecraft:azure_bluet":1,"minecraft:chicken":2,"minecraft:brown_mushroom":30,"minecraft:stone_brick_wall":1,"minecraft:brick":2,"minecraft:stone_stairs":1,"minecraft:iron_axe":19,"cgm:mini_gun":1,"farmersdelight:straw":2,"minecraft:oak_boat":4,"minecraft:light_gray_wool":25,"minecraft:lectern":210,"minecraft:sugar_cane":228,"minecraft:spruce_trapdoor":21,"minecraft:raw_iron":204,"minecraft:copper_ingot":5,"minecraft:stone_button":1,"scorchedguns:lm_spear_trough":1,"k_turrets:raw_titanium":16,"zombie_extreme:butcher_knife":2,"farmersdelight:rich_soil":12,"minecraft:oxidized_cut_copper_stairs":1,"minecraft:salmon":2,"minecraft:leather":89,"minecraft:gunpowder":633,"minecraft:cobblestone_wall":8,"minecraft:yellow_bed":4,"securitycraft:keypad_chest":6,"taccraft:nylon_cloth":2,"zombie_extreme:black_ops_glasses_helmet":3,"farmersdelight:apple_cider":55,"minecraft:iron_ingot":86,"zombie_extreme:cloth":8,"minecraft:book":159,"minecraft:scaffolding":4,"minecraft:pumpkin":6,"minecraft:stone_brick_slab":97,"minecraft:quartz":4,"minecraft:dandelion":2,"minecraft:lava_bucket":2,"minecraft:amethyst_shard":6,"minecraft:blast_furnace":3,"minecraft:white_bed":16,"minecraft:spruce_door":6,"taccraft:assault_vest_chestplate":1,"minecraft:pumpkin_seeds":5,"vanillaplustools:stone_hammer":4,"minecraft:black_wool":46,"minecraft:coal":97}},"DataVersion":3120}