{"stats":{"minecraft:picked_up":{"minecraft:wheat":81,"cgm:basic_bullet":2140,"minecraft:flower_pot":1,"minecraft:anvil":1,"farmersdelight:rice_panicle":10,"minecraft:wither_rose":3,"minecraft:enchanted_book":1,"projectarsenal:ar15_classic":2,"zombie_extreme:police_suit_chestplate":1,"minecraft:polished_deepslate":3,"minecraft:string":63,"minecraft:weathered_cut_copper_stairs":4,"minecraft:raw_copper":107,"minecraft:beetroot":6,"vanillaplustools:stone_shovel":3,"zombie_extreme:golf_club":2,"zombie_extreme:steel_pickaxe":2,"minecraft:cobbled_deepslate":1408,"minecraft:bucket":2,"farmersdelight:cabbage":2,"minecraft:spruce_planks":178,"minecraft:enchanted_golden_apple":64,"zombie_extreme:oil_shale":17,"minecraft:melon_slice":4,"farmersdelight:cabbage_seeds":10,"zombie_extreme:ruby":5,"minecraft:furnace":3,"zombie_extreme:police_suit_helmet":2,"zombie_extreme:raw_aluminum":17,"minecraft:stick":183,"bunker_down:airlock_iron_trapdoor":1,"farmersdelight:rotten_tomato":2,"minecraft:oak_fence":1,"minecraft:torch":37,"minecraft:porkchop":4,"minecraft:diorite":88,"minecraft:deepslate_tile_stairs":1,"zombie_extreme:radio_installation":3,"horror_element_mod:herobrine_head":1,"minecraft:quartz_block":14,"minecraft:stone_sword":1,"minecraft:light_gray_bed":4,"minecraft:rotten_flesh":299,"farmersdelight:onion":109,"farmersdelight:tree_bark":75,"zombie_extreme:rotten_apple":24,"minecraft:deepslate_brick_stairs":1,"minecraft:obsidian":4,"minecraft:iron_bars":5,"minecraft:cobblestone":3266,"spartanweaponry:iron_warhammer":1,"minecraft:feather":1,"farmersdelight:rice":31,"minecraft:iron_door":1,"minecraft:water_bucket":2,"minecraft:andesite":130,"spartanweaponry:iron_battleaxe":1,"zombie_extreme:juggernaut_suit_leggings":1,"minecraft:brown_wool":16,"minecraft:copper_block":11,"minecraft:smoker":1,"bunker_down:steel_vent":3,"minecraft:potato":325,"farmersdelight:bacon":4,"minecraft:flint":15,"minecraft:tuff":18,"farmersdelight:tomato":47,"minecraft:dirt":1126,"minecraft:lantern":1,"cgm:grenade":10,"spartanweaponry:iron_rapier":1,"minecraft:leather_boots":1,"minecraft:bone":9,"zombie_extreme:washing_machine":3,"spartanweaponry:iron_greatsword":1,"minecraft:wheat_seeds":295,"minecraft:raw_gold":39,"farmersdelight:pumpkin_slice":32,"minecraft:mossy_stone_bricks":2,"minecraft:oak_planks":6,"zombie_extreme:syringe_drug":1,"minecraft:sand":44,"minecraft:stripped_spruce_log":69,"minecraft:ink_sac":6,"minecraft:fermented_spider_eye":13,"minecraft:light_gray_concrete":12,"minecraft:light_gray_terracotta":13,"minecraft:sugar":1,"minecraft:diamond":40,"minecraft:slime_block":2,"minecraft:crossbow":1,"minecraft:granite":368,"minecraft:grass":6,"zombie_extreme:raw_thorium":14,"minecraft:oak_sapling":7,"zombie_extreme:titan_nugget":1,"minecraft:bricks":6,"minecraft:fishing_rod":1,"minecraft:charcoal":5,"minecraft:crafting_table":8,"minecraft:allium":7,"minecraft:brown_mushroom":15,"zombie_extreme:raw_tin":28,"minecraft:brick":2,"minecraft:cornflower":2,"minecraft:cracked_stone_bricks":17,"minecraft:beef":5,"farmersdelight:straw":2,"minecraft:iron_nugget":3,"minecraft:light_gray_wool":25,"minecraft:sugar_cane":160,"minecraft:chest":4,"minecraft:egg":3,"minecraft:raw_iron":112,"minecraft:copper_ingot":3,"farmersdelight:tomato_seeds":19,"zombie_extreme:canned_stew":1,"minecraft:carrot":99,"minecraft:redstone":2,"zombie_extreme:steel_shovel":2,"minecraft:stone_shovel":1,"minecraft:beetroot_seeds":13,"k_turrets:raw_titanium":16,"minecraft:hay_block":6,"minecraft:cracked_deepslate_bricks":1,"minecraft:gold_ingot":20,"sophisticatedbackpacks:copper_backpack":1,"minecraft:mutton":14,"minecraft:white_wool":89,"minecraft:oxeye_daisy":1,"farmersdelight:rich_soil":6,"minecraft:oxidized_cut_copper_stairs":1,"minecraft:leather":33,"minecraft:red_mushroom":15,"minecraft:oak_log":6,"zombie_extreme:bronze_nugget":1,"minecraft:yellow_bed":4,"minecraft:cobblestone_wall":1,"minecraft:gunpowder":73,"minecraft:paper":2,"zombie_extreme:raw_steel":34,"minecraft:white_banner":1,"zombie_extreme:raw_lead":12,"taccraft:nylon_cloth":2,"minecraft:apple":6,"minecraft:stone_bricks":145,"thirst:terracotta_water_bowl":50,"farmersdelight:apple_cider":16,"minecraft:iron_ingot":3,"zombie_extreme:barbed_fence":1,"minecraft:stone_pickaxe":54,"zombie_extreme:magnetic_card":1,"zombie_extreme:cloth":4,"minecraft:glass_bottle":2,"spartanweaponry:iron_dagger":1,"minecraft:book":21,"minecraft:scaffolding":4,"minecraft:pumpkin":3,"minecraft:sweet_berries":59,"minecraft:quartz":3,"minecraft:dandelion":1,"minecraft:gravel":62,"minecraft:weathered_copper":7,"minecraft:amethyst_shard":6,"minecraft:spruce_log":1057,"minecraft:spruce_sapling":144,"minecraft:blast_furnace":1,"minecraft:white_bed":1,"thirst:terracotta_bowl":3,"minecraft:pumpkin_seeds":4,"vanillaplustools:stone_hammer":2,"minecraft:baked_potato":24,"minecraft:melon_seeds":2,"minecraft:coal":97,"minecraft:ender_pearl":1},"minecraft:killed_by":{"minecraft:zombie_villager":1,"minecraft:sheep":1,"zombie_extreme:night_hunter":3,"minecraft:drowned":2,"zombie_extreme:assasin_black_ops":1,"zombie_extreme:chainsaw":1,"zombie_extreme:infected_military":3,"minecraft:zombie":27,"minecraft:player":1,"zombie_extreme:infected_police":1,"zombie_extreme:devastated":1,"zombie_extreme:military":3},"minecraft:killed":{"zombie_extreme:night_hunter":9,"zombie_extreme:infected_juggernaut":3,"minecraft:zombie_horse":1,"zombie_extreme:divided":3,"zombie_extreme:ram":2,"k_turrets:cobble_turret":1,"minecraft:pig":1,"minecraft:zombie_villager":3,"zombie_extreme:infected_hazmat":3,"zombie_extreme:bomber":3,"zombie_extreme:chainsaw":4,"minecraft:sheep":3,"kevin_trophy:blister_zombie":9,"minecraft:pillager":3,"minecraft:zombie":206,"zombie_extreme:infected_police":8,"zombie_extreme:devastated":3,"zombie_extreme:fetus":2,"minecraft:cow":3,"kevin_trophy:spitter_zombie":1,"minecraft:drowned":26,"zombie_extreme:runner":10,"zombie_extreme:crawler":4,"rottencreatures:undead_miner":1,"minecraft:husk":6,"zombie_extreme:boomer":6,"zombie_extreme:infected":13,"zombie_extreme:infected_military":11,"zombie_extreme:military":4,"kevin_trophy:crawler_zombie":1,"zombie_extreme:assasin_black_ops":1},"minecraft:custom":{"minecraft:animals_bred":14,"minecraft:interact_with_crafting_table":78,"minecraft:open_barrel":10,"minecraft:leave_game":22,"minecraft:time_since_death":59414,"minecraft:damage_resisted":198,"minecraft:sprint_one_cm":1169625,"minecraft:drop":293,"minecraft:play_time":615859,"minecraft:deaths":48,"minecraft:jump":6675,"minecraft:walk_on_water_one_cm":94354,"minecraft:enchant_item":1,"minecraft:interact_with_furnace":125,"minecraft:sleep_in_bed":23,"minecraft:damage_dealt":26773,"minecraft:player_kills":2,"minecraft:crouch_one_cm":11784,"minecraft:interact_with_smoker":7,"minecraft:interact_with_anvil":4,"minecraft:mob_kills":360,"minecraft:damage_dealt_resisted":4704,"minecraft:climb_one_cm":57273,"minecraft:walk_one_cm":2039278,"minecraft:sneak_time":17507,"minecraft:walk_under_water_one_cm":63428,"minecraft:boat_one_cm":26566,"minecraft:interact_with_blast_furnace":10,"minecraft:total_world_time":615859,"minecraft:pot_flower":1,"minecraft:time_since_rest":10208,"minecraft:damage_absorbed":320,"minecraft:damage_taken":16997,"minecraft:trigger_trapped_chest":4,"minecraft:swim_one_cm":120085,"minecraft:fly_one_cm":1226271,"minecraft:open_chest":217,"minecraft:fall_one_cm":88744},"minecraft:used":{"farmersdelight:cabbage_seeds":6,"minecraft:chest":3,"minecraft:iron_sword":2,"minecraft:grass":3,"minecraft:weathered_copper":7,"minecraft:carrot":55,"zombie_extreme:steel_pickaxe":328,"horror_element_mod:human_remains":4,"minecraft:bricks":1,"minecraft:lantern":1,"minecraft:quartz_block":6,"minecraft:sweet_berries":12,"farmersdelight:cutting_board":1,"zombie_extreme:green_apple":1,"minecraft:oak_sapling":2,"minecraft:furnace":11,"minecraft:potato":69,"bunker_down:steel_vent":2,"minecraft:diorite":8,"minecraft:stone_pickaxe":233,"minecraft:wooden_pickaxe":6,"minecraft:sugar_cane":53,"farmersdelight:pumpkin_slice":28,"minecraft:sand":22,"minecraft:blast_furnace":1,"minecraft:light_gray_terracotta":4,"farmersdelight:rice":20,"minecraft:shears":43,"zombie_extreme:radio_installation":1,"minecraft:bread":17,"minecraft:gravel":7,"projectarsenal:ar15_classic":1400,"zombie_extreme:butcher_knife":514,"minecraft:enchanting_table":1,"minecraft:stone_sword":20,"minecraft:spruce_planks":30,"vanillaplustools:stone_hammer":847,"minecraft:stone_hoe":178,"minecraft:torch":65,"minecraft:dirt":113,"minecraft:anvil":1,"minecraft:bookshelf":22,"minecraft:iron_axe":702,"zombie_extreme:steel_shovel":251,"spartanweaponry:iron_rapier":1,"minecraft:melon_seeds":4,"minecraft:deepslate_tile_stairs":1,"zombie_extreme:soda":1,"farmersdelight:tomato_seeds":6,"minecraft:cobbled_deepslate":26,"minecraft:enchanted_golden_apple":20,"minecraft:light_gray_bed":3,"minecraft:wheat_seeds":80,"minecraft:water_bucket":36,"minecraft:baked_potato":59,"zombie_extreme:chips":4,"farmersdelight:onion":28,"minecraft:crafting_table":7,"vanillaplustools:stone_shovel":171,"zombie_extreme:washing_machine":3,"minecraft:white_bed":2,"minecraft:spruce_log":3,"minecraft:smoker":1,"thirst:terracotta_water_bowl":144,"minecraft:flower_pot":1,"farmersdelight:apple_cider":2,"minecraft:iron_pickaxe":149,"minecraft:spruce_sapling":136,"minecraft:stone_axe":465,"minecraft:cobblestone":245,"minecraft:potion":2,"minecraft:white_banner":1,"minecraft:cooked_porkchop":3,"minecraft:bucket":41,"horror_element_mod:herobrine_head":1,"minecraft:yellow_bed":3,"minecraft:wither_rose":1},"minecraft:crafted":{"minecraft:oak_planks":52,"taccraft:assault_vest_helmet":2,"minecraft:bookshelf":22,"minecraft:melon_seeds":4,"minecraft:water_bucket":1,"minecraft:stone_hoe":2,"farmersdelight:tomato_seeds":8,"minecraft:cooked_porkchop":3,"minecraft:crafting_table":6,"minecraft:spruce_planks":604,"farmersdelight:iron_knife":1,"minecraft:wooden_pickaxe":1,"minecraft:baked_potato":64,"taccraft:assault_vest_leggings":2,"minecraft:copper_ingot":126,"taccraft:plate_bag":4,"farmersdelight:cutting_board":1,"minecraft:book":43,"minecraft:paper":129,"minecraft:diamond_pickaxe":9,"taccraft:aramid_insert":22,"minecraft:stick":212,"taccraft:assault_vest_boots":2,"minecraft:iron_ingot":105,"minecraft:iron_pickaxe":1,"minecraft:stone_sword":1,"minecraft:gold_ingot":9,"taccraft:armor_plate":4,"vanillaplustools:diamond_hammer":1,"minecraft:shears":2,"minecraft:oak_door":3,"vanillaplustools:stone_hammer":9,"minecraft:leather_boots":1,"minecraft:iron_nugget":36,"zombie_extreme:ignotsteel":30,"zombie_extreme:steel_pickaxe":1,"minecraft:furnace":10,"taccraft:nylon_cloth":102,"minecraft:leather":129,"minecraft:iron_axe":4,"minecraft:stone_pickaxe":91,"farmersdelight:rice":10,"zombie_extreme:steel_shovel":1,"minecraft:wheat":54,"sophisticatedbackpacks:iron_backpack":1,"zombie_extreme:ignot_tin":21,"minecraft:enchanting_table":1,"sophisticatedbackpacks:gold_backpack":1,"minecraft:bucket":1,"thirst:terracotta_water_bowl":115,"taccraft:nylon_stripe":52,"minecraft:stone_axe":5,"minecraft:bread":14,"minecraft:air":0,"minecraft:blue_dye":1,"minecraft:white_wool":2,"taccraft:assault_vest_chestplate":2,"minecraft:white_bed":2,"minecraft:torch":20},"minecraft:mined":{"minecraft:spruce_planks":21,"minecraft:oak_sapling":1,"minecraft:white_bed":2,"farmersdelight:rich_soil":3,"minecraft:farmland":2,"minecraft:sculk_vein":1,"minecraft:obsidian":6,"minecraft:granite":485,"minecraft:grass_block":1052,"minecraft:brown_wool":16,"zombie_extreme:deepslate_lead":1,"zombie_extreme:deepslate_thorium":1,"minecraft:light_gray_bed":3,"minecraft:deepslate_tile_stairs":1,"minecraft:oxeye_daisy":1,"minecraft:spawner":3,"minecraft:light_blue_stained_glass":21,"minecraft:tall_seagrass":1,"minecraft:magma_block":1,"farmersdelight:wild_rice":11,"minecolonies:blockconstructiontape":2,"minecraft:iron_ore":115,"farmersdelight:rice":20,"minecraft:cobbled_deepslate":13,"zombie_extreme:ore_steel":32,"minecraft:anvil":1,"minecraft:pumpkin":3,"minecraft:sculk_shrieker":1,"zombie_extreme:deepslate_tin":2,"minecraft:iron_bars":5,"minecraft:light_gray_concrete":12,"minecraft:deepslate_brick_stairs":1,"farmersdelight:rice_panicles":12,"zombie_extreme:washing_machine":3,"minecraft:quartz_block":34,"minecraft:smoker":1,"minecraft:amethyst_cluster":3,"minecraft:oxidized_cut_copper_stairs":1,"minecraft:torch":10,"minecraft:light_gray_terracotta":6,"minecraft:blast_furnace":1,"minecraft:calcite":8,"minecraft:melon":1,"minecraft:white_stained_glass_pane":4,"farmersdelight:brown_mushroom_colony":1,"farmersdelight:cabbages":7,"minecraft:cobblestone":42,"minecraft:sugar_cane":99,"minecraft:bricks":9,"minecraft:wall_torch":15,"minecraft:weathered_cut_copper_stairs":20,"minecraft:seagrass":1,"zombie_extreme:metal_fence":1,"zombie_extreme:thorium_ore":12,"minecraft:wheat":89,"zombie_extreme:ore_ruby":4,"minecraft:light_gray_wool":25,"zombie_extreme:deepslate_steel":2,"minecraft:copper_block":11,"minecraft:wither_rose":1,"minecraft:grass":78,"minecraft:oak_log":6,"minecraft:beetroots":4,"minecraft:sand":44,"minecraft:dirt":63,"minecraft:smooth_basalt":7,"minecraft:deepslate":2161,"minecraft:tuff":283,"farmersdelight:onions":22,"minecraft:blue_stained_glass_pane":2,"minecraft:potted_wither_rose":1,"minecraft:deepslate_diamond_ore":19,"minecolonies:blockhuttownhall":2,"farmersdelight:wild_carrots":23,"minecraft:mangrove_roots":1,"minecraft:gray_stained_glass_pane":6,"minecraft:weathered_copper":7,"minecraft:white_stained_glass":4,"farmersdelight:tomatoes":18,"minecraft:spruce_leaves":6,"farmersdelight:red_mushroom_colony":1,"horror_element_mod:herobrine_head":1,"minecraft:hay_block":6,"farmersdelight:wild_onions":4,"minecraft:spruce_sapling":5,"minecraft:furnace":3,"minecraft:carrots":28,"zombie_extreme:ore_lead":1,"minecraft:andesite":335,"bunker_down:airlock_iron_trapdoor":1,"bunker_down:steel_vent":3,"zombie_extreme:wire":2,"minecraft:polished_deepslate":3,"minecraft:bookshelf":7,"minecraft:potatoes":82,"zombie_extreme:oil_shale_sand":17,"minecraft:stone":3493,"zombie_extreme:radio_installation":2,"minecraft:white_wool":63,"minecraft:podzol":13,"zombie_extreme:ore_aluminum":14,"minecraft:scaffolding":1,"minecraft:glass_pane":2,"minecraft:crafting_table":4,"minecraft:copper_ore":27,"minecraft:tall_grass":12,"minecraft:lapis_ore":4,"minecraft:deepslate_gold_ore":8,"minecraft:cracked_deepslate_bricks":2,"minecraft:diorite":170,"farmersdelight:wild_beetroots":1,"zombie_extreme:ore_tin":21,"minecraft:cobblestone_wall":2,"minecraft:sweet_berry_bush":5,"minecraft:spruce_log":1088,"horror_element_mod:human_remains":4,"minecraft:yellow_bed":4,"k_turrets:titanium_ore":16,"minecraft:coal_ore":98,"minecraft:gravel":50,"minecraft:cobweb":6,"minecraft:cracked_stone_bricks":10,"minecraft:stone_bricks":91,"minecraft:mossy_stone_bricks":9,"minecraft:gold_ore":21},"minecraft:broken":{"taccraft:assault_vest_boots":1,"taccraft:assault_vest_helmet":1,"minecraft:stone_pickaxe":1,"minecraft:stone_axe":3,"taccraft:assault_vest_leggings":1,"taccraft:assault_vest_chestplate":1,"minecraft:stone_hoe":1,"vanillaplustools:stone_hammer":3,"minecraft:iron_axe":1,"zombie_extreme:police_suit_chestplate":1,"vanillaplustools:stone_shovel":1},"minecraft:dropped":{"farmersdelight:iron_knife":1,"minecraft:iron_sword":1,"minecraft:baked_potato":17,"minecraft:glass_bottle":2,"minecraft:crafting_table":7,"taccraft:assault_vest_leggings":1,"minecraft:cracked_stone_bricks":1,"minecraft:flint":3,"minecraft:red_mushroom":5,"zombie_extreme:rotten_apple":10,"minecraft:dirt":350,"zombie_extreme:soda_used":1,"minecraft:grass":3,"taccraft:assault_vest_helmet":1,"minecraft:sand":11,"minecraft:fermented_spider_eye":5,"minecraft:oak_door":2,"minecraft:gravel":55,"minecraft:iron_nugget":1,"minecraft:cobbled_deepslate":1327,"taccraft:assault_vest_chestplate":1,"minecraft:beetroot":2,"minecraft:rotten_flesh":59,"cgm:basic_bullet":256,"zombie_extreme:golf_club":2,"minecraft:melon_seeds":6,"minecraft:beetroot_seeds":12,"vanillaplustools:stone_hammer":1,"bunker_down:airlock_iron_trapdoor":2,"spartanweaponry:iron_rapier":1,"farmersdelight:tomato_seeds":2,"minecraft:stone_hoe":1,"minecraft:iron_ingot":33,"minecraft:bread":7,"minecraft:wheat_seeds":38,"cgm:grenade":5,"minecraft:oak_fence":1,"minecraft:cobblestone":2276,"zombie_extreme:steel_pickaxe":1,"zombie_extreme:steel_shovel":2,"minecraft:granite":365,"minecraft:coal":5,"minecraft:stick":21,"zombie_extreme:syringe_drug":1,"minecraft:oxeye_daisy":1,"zombie_extreme:raw_thorium":1,"zombie_extreme:magnetic_card":1,"minecraft:diorite":124,"spartanweaponry:iron_battleaxe":1,"taccraft:assault_vest_boots":1,"spartanweaponry:iron_greatsword":1,"farmersdelight:bacon":4,"minecraft:paper":1,"minecraft:string":1,"minecraft:bucket":1,"minecraft:polished_deepslate":3,"minecraft:furnace":2,"minecraft:bricks":4,"minecraft:light_gray_terracotta":3,"minecraft:tuff":18,"projectarsenal:ar15_classic":1,"farmersdelight:straw":1,"minecraft:pumpkin_seeds":4,"minecraft:potato":1,"minecraft:spruce_planks":70,"minecraft:andesite":157,"minecraft:light_gray_bed":2,"minecraft:stone_pickaxe":50,"farmersdelight:apple_cider":7,"minecraft:cracked_deepslate_bricks":1}},"DataVersion":3120}