{"stats":{"minecraft:killed_by":{"minecraft:zombie_villager":1,"minecraft:sheep":1,"zombie_extreme:night_hunter":4,"minecraft:drowned":2,"zombie_extreme:assasin_black_ops":1,"zombie_extreme:chainsaw":1,"zombie_extreme:infected_military":3,"minecraft:zombie":29,"zombie_extreme:crawler":1,"minecraft:husk":2,"zombie_extreme:fetus":1,"minecraft:player":2,"zombie_extreme:infected_police":1,"zombie_extreme:devastated":1,"zombie_extreme:military":3},"minecraft:picked_up":{"minecraft:wheat":81,"cgm:basic_bullet":2277,"minecraft:flower_pot":1,"minecraft:anvil":1,"farmersdelight:rice_panicle":10,"minecraft:wither_rose":3,"minecraft:enchanted_book":1,"minecraft:stone_brick_stairs":16,"projectarsenal:ar15_classic":4,"zombie_extreme:police_suit_chestplate":1,"minecraft:polished_deepslate":7,"minecraft:weathered_cut_copper_stairs":4,"minecraft:string":63,"minecraft:raw_copper":117,"minecraft:beetroot":6,"vanillaplustools:stone_shovel":5,"zombie_extreme:golf_club":2,"zombie_extreme:steel_pickaxe":4,"minecraft:cobbled_deepslate":1950,"minecraft:bucket":3,"farmersdelight:cabbage":2,"minecraft:spruce_planks":448,"minecraft:cobblestone_slab":64,"minecraft:enchanted_golden_apple":64,"zombie_extreme:oil_shale":17,"minecraft:melon_slice":4,"farmersdelight:cabbage_seeds":10,"minecraft:furnace":3,"zombie_extreme:ruby":5,"zombie_extreme:police_suit_helmet":2,"zombie_extreme:raw_aluminum":17,"minecraft:stick":738,"bunker_down:airlock_iron_trapdoor":1,"farmersdelight:rotten_tomato":2,"minecraft:oak_fence":1,"minecraft:torch":37,"minecraft:porkchop":4,"minecraft:diorite":97,"minecraft:deepslate_tile_stairs":1,"zombie_extreme:radio_installation":3,"horror_element_mod:herobrine_head":1,"minecraft:quartz_block":14,"minecraft:stone_sword":1,"minecraft:light_gray_bed":4,"minecraft:rotten_flesh":311,"farmersdelight:onion":109,"farmersdelight:tree_bark":195,"zombie_extreme:rotten_apple":33,"minecraft:deepslate_brick_stairs":29,"minecraft:obsidian":4,"minecraft:iron_bars":5,"minecraft:cobblestone":3710,"minecraft:enchanting_table":1,"spartanweaponry:iron_warhammer":1,"minecraft:feather":1,"farmersdelight:rice":31,"minecraft:iron_door":1,"minecraft:water_bucket":3,"minecraft:andesite":133,"spartanweaponry:iron_battleaxe":1,"zombie_extreme:juggernaut_suit_leggings":1,"minecraft:brown_wool":16,"minecraft:copper_block":11,"minecraft:smoker":1,"bunker_down:steel_vent":3,"minecraft:potato":325,"farmersdelight:bacon":4,"minecraft:flint":15,"minecraft:tuff":18,"farmersdelight:tomato":47,"minecraft:lapis_lazuli":10,"minecraft:dirt":1179,"minecraft:lantern":1,"cgm:grenade":10,"spartanweaponry:iron_rapier":1,"minecraft:leather_boots":1,"minecraft:bone":9,"zombie_extreme:washing_machine":3,"spartanweaponry:iron_greatsword":1,"minecraft:wheat_seeds":297,"minecraft:raw_gold":39,"farmersdelight:pumpkin_slice":32,"minecraft:mossy_stone_bricks":2,"minecraft:oak_planks":15,"zombie_extreme:syringe_drug":2,"minecraft:sand":44,"minecraft:stripped_spruce_log":69,"minecraft:ink_sac":6,"minecraft:fermented_spider_eye":13,"minecraft:light_gray_concrete":12,"minecraft:light_gray_terracotta":13,"minecraft:sugar":1,"minecraft:diamond":56,"minecraft:deepslate":257,"minecraft:slime_block":2,"minecraft:crossbow":1,"minecraft:granite":368,"minecraft:grass":6,"zombie_extreme:raw_thorium":14,"minecraft:oak_sapling":96,"zombie_extreme:titan_nugget":1,"minecraft:bricks":6,"sophisticatedbackpacks:gold_backpack":2,"minecraft:fishing_rod":1,"minecraft:charcoal":5,"minecraft:crafting_table":8,"minecraft:allium":7,"minecraft:brown_mushroom":15,"zombie_extreme:raw_tin":28,"minecraft:stone_brick_wall":1,"minecraft:brick":2,"minecraft:cornflower":2,"minecraft:stone_stairs":1,"minecraft:cracked_stone_bricks":17,"minecraft:beef":5,"farmersdelight:straw":2,"minecraft:iron_nugget":3,"minecraft:light_gray_wool":25,"minecraft:spruce_slab":1,"minecraft:sugar_cane":160,"minecraft:chest":14,"minecraft:spruce_trapdoor":9,"minecraft:egg":3,"minecraft:raw_iron":112,"minecraft:stone":1417,"minecraft:copper_ingot":3,"minecraft:spruce_fence":132,"farmersdelight:tomato_seeds":19,"zombie_extreme:canned_stew":1,"minecraft:carrot":99,"minecraft:redstone":2,"zombie_extreme:steel_shovel":4,"minecraft:stone_shovel":1,"minecraft:beetroot_seeds":13,"k_turrets:raw_titanium":16,"minecraft:hay_block":6,"minecraft:cracked_deepslate_bricks":1,"minecraft:gold_ingot":20,"sophisticatedbackpacks:copper_backpack":1,"zombie_extreme:butcher_knife":2,"minecraft:mutton":16,"minecraft:white_wool":89,"minecraft:oxeye_daisy":1,"minecraft:stripped_oak_log":122,"farmersdelight:rich_soil":6,"minecraft:oxidized_cut_copper_stairs":1,"minecraft:leather":34,"minecraft:red_mushroom":15,"minecraft:oak_log":295,"zombie_extreme:bronze_nugget":4,"minecraft:yellow_bed":4,"minecraft:cobblestone_wall":2,"minecraft:gunpowder":73,"minecraft:paper":2,"zombie_extreme:raw_steel":34,"minecraft:white_banner":1,"zombie_extreme:raw_lead":12,"taccraft:nylon_cloth":2,"minecraft:apple":16,"minecraft:stone_bricks":170,"thirst:terracotta_water_bowl":50,"farmersdelight:apple_cider":36,"minecraft:iron_ingot":10,"zombie_extreme:barbed_fence":1,"minecraft:stone_pickaxe":60,"zombie_extreme:magnetic_card":1,"zombie_extreme:cloth":7,"minecraft:glass_bottle":4,"spartanweaponry:iron_dagger":1,"minecraft:book":93,"minecraft:scaffolding":4,"minecraft:pumpkin":5,"minecraft:sweet_berries":59,"minecraft:stone_brick_slab":82,"minecraft:quartz":3,"minecraft:dandelion":1,"minecraft:gravel":62,"minecraft:weathered_copper":7,"minecraft:lava_bucket":1,"minecraft:amethyst_shard":6,"minecraft:spruce_sapling":394,"minecraft:blast_furnace":1,"minecraft:white_bed":2,"thirst:terracotta_bowl":3,"minecraft:spruce_log":2206,"minecraft:spruce_door":4,"minecraft:pumpkin_seeds":4,"minecraft:stone_axe":6,"minecraft:diamond_axe":1,"vanillaplustools:stone_hammer":4,"minecraft:baked_potato":53,"minecraft:melon_seeds":2,"minecraft:coal":97,"minecraft:ender_pearl":1},"minecraft:killed":{"zombie_extreme:night_hunter":10,"zombie_extreme:infected_juggernaut":4,"minecraft:zombie_horse":1,"zombie_extreme:divided":3,"zombie_extreme:ram":3,"k_turrets:cobble_turret":1,"minecraft:pig":1,"minecraft:zombie_villager":3,"zombie_extreme:infected_hazmat":5,"zombie_extreme:bomber":4,"zombie_extreme:chainsaw":5,"minecraft:sheep":4,"kevin_trophy:blister_zombie":9,"minecraft:pillager":3,"minecraft:zombie":212,"zombie_extreme:infected_police":9,"zombie_extreme:devastated":4,"zombie_extreme:fetus":2,"minecraft:cow":3,"kevin_trophy:spitter_zombie":1,"minecraft:drowned":27,"zombie_extreme:runner":13,"rottencreatures:undead_miner":1,"zombie_extreme:crawler":8,"minecraft:husk":6,"zombie_extreme:boomer":6,"zombie_extreme:infected":15,"zombie_extreme:infected_military":12,"zombie_extreme:military":4,"kevin_trophy:crawler_zombie":1,"zombie_extreme:assasin_black_ops":1,"mutantmonsters:mutant_zombie":1},"minecraft:dropped":{"farmersdelight:iron_knife":1,"minecraft:iron_sword":1,"minecraft:oak_log":44,"minecraft:baked_potato":17,"minecraft:glass_bottle":2,"minecraft:diamond":2,"minecraft:crafting_table":7,"taccraft:assault_vest_leggings":1,"minecraft:cracked_stone_bricks":1,"minecraft:red_mushroom":5,"zombie_extreme:rotten_apple":11,"minecraft:flint":3,"minecraft:dirt":350,"zombie_extreme:soda_used":1,"minecraft:grass":3,"taccraft:assault_vest_helmet":1,"minecraft:sand":11,"minecraft:fermented_spider_eye":5,"minecraft:oak_door":2,"minecraft:gravel":55,"minecraft:stone_axe":2,"minecraft:iron_nugget":1,"minecraft:cobbled_deepslate":1327,"taccraft:assault_vest_chestplate":1,"minecraft:beetroot":2,"minecraft:rotten_flesh":60,"cgm:basic_bullet":457,"zombie_extreme:golf_club":2,"minecraft:spruce_pressure_plate":32,"minecraft:melon_seeds":6,"minecraft:beetroot_seeds":12,"vanillaplustools:stone_hammer":1,"bunker_down:airlock_iron_trapdoor":2,"spartanweaponry:iron_rapier":1,"minecraft:stone_hoe":1,"farmersdelight:tomato_seeds":2,"minecraft:iron_ingot":33,"minecraft:bread":7,"minecraft:wheat_seeds":38,"cgm:grenade":5,"minecraft:oak_fence":1,"minecraft:cobblestone":2360,"zombie_extreme:steel_pickaxe":1,"zombie_extreme:steel_shovel":2,"minecraft:granite":365,"minecraft:coal":5,"minecraft:stick":21,"zombie_extreme:syringe_drug":1,"minecraft:oxeye_daisy":1,"zombie_extreme:raw_thorium":1,"zombie_extreme:magnetic_card":1,"minecraft:deepslate_brick_stairs":123,"minecraft:diorite":133,"spartanweaponry:iron_battleaxe":1,"taccraft:assault_vest_boots":1,"spartanweaponry:iron_greatsword":1,"farmersdelight:bacon":4,"minecraft:paper":1,"minecraft:string":1,"minecraft:bucket":1,"minecraft:spruce_sapling":3,"minecraft:stone_brick_slab":44,"minecraft:polished_deepslate":3,"minecraft:furnace":2,"minecraft:bricks":4,"minecraft:light_gray_terracotta":3,"minecraft:tuff":18,"minecraft:deepslate":242,"projectarsenal:ar15_classic":1,"minecraft:stripped_oak_log":44,"farmersdelight:straw":1,"minecraft:pumpkin_seeds":4,"minecraft:cobblestone_slab":64,"minecraft:potato":1,"zombie_extreme:bronze_nugget":1,"minecraft:stone":1539,"minecraft:spruce_planks":70,"minecraft:andesite":157,"minecraft:light_gray_bed":2,"minecraft:stone_bricks":38,"minecraft:spruce_log":87,"minecraft:stone_pickaxe":56,"farmersdelight:apple_cider":7,"minecraft:cracked_deepslate_bricks":1},"minecraft:crafted":{"minecraft:oak_planks":56,"taccraft:assault_vest_helmet":2,"minecraft:stone":48,"minecraft:bookshelf":43,"minecraft:spruce_pressure_plate":32,"minecraft:melon_seeds":4,"minecraft:chest":81,"minecraft:water_bucket":1,"minecraft:stone_hoe":2,"minecraft:stone_bricks":448,"farmersdelight:tomato_seeds":8,"minecraft:cooked_porkchop":3,"minecraft:diamond_axe":1,"minecraft:crafting_table":7,"minecraft:spruce_planks":1904,"farmersdelight:iron_knife":1,"minecraft:wooden_pickaxe":1,"minecraft:baked_potato":64,"minecraft:spruce_door":3,"taccraft:assault_vest_leggings":2,"minecraft:copper_ingot":126,"taccraft:plate_bag":4,"farmersdelight:cutting_board":2,"minecraft:stone_brick_stairs":31,"minecraft:spruce_trapdoor":64,"minecraft:book":43,"minecraft:paper":129,"minecraft:diamond_pickaxe":9,"taccraft:aramid_insert":22,"minecraft:stick":288,"minecraft:stone_slab":6,"minecraft:iron_ingot":105,"taccraft:assault_vest_boots":2,"minecraft:iron_pickaxe":1,"minecraft:stone_sword":1,"minecraft:gold_ingot":9,"taccraft:armor_plate":4,"vanillaplustools:diamond_hammer":1,"minecraft:shears":2,"minecraft:oak_door":3,"vanillaplustools:stone_hammer":10,"minecraft:leather_boots":1,"minecraft:iron_nugget":36,"zombie_extreme:ignotsteel":30,"zombie_extreme:steel_pickaxe":1,"minecraft:furnace":14,"minecraft:spruce_fence":186,"taccraft:nylon_cloth":102,"minecraft:stone_stairs":19,"minecraft:leather":129,"minecraft:polished_deepslate":4,"minecraft:iron_axe":4,"minecraft:ladder":27,"minecraft:spruce_slab":54,"minecraft:stone_pickaxe":100,"farmersdelight:rice":10,"zombie_extreme:steel_shovel":1,"sophisticatedbackpacks:iron_backpack":1,"minecraft:wheat":54,"zombie_extreme:ignot_tin":21,"minecraft:enchanting_table":1,"minecraft:deepslate_brick_slab":10,"sophisticatedbackpacks:gold_backpack":1,"minecraft:bucket":1,"thirst:terracotta_water_bowl":118,"taccraft:nylon_stripe":52,"minecraft:stone_axe":23,"minecraft:bread":14,"minecraft:air":0,"minecraft:blue_dye":1,"minecraft:white_wool":2,"taccraft:assault_vest_chestplate":2,"minecraft:stonecutter":1,"minecraft:white_bed":2,"minecraft:torch":20},"minecraft:broken":{"taccraft:assault_vest_boots":1,"taccraft:assault_vest_helmet":1,"minecraft:stone_pickaxe":1,"minecraft:stone_axe":8,"taccraft:assault_vest_leggings":1,"taccraft:assault_vest_chestplate":1,"minecraft:stone_hoe":1,"vanillaplustools:stone_hammer":4,"minecraft:iron_axe":1,"zombie_extreme:police_suit_chestplate":1,"vanillaplustools:stone_shovel":1},"minecraft:mined":{"minecraft:spruce_planks":252,"minecraft:oak_sapling":1,"minecraft:white_bed":3,"farmersdelight:rich_soil":3,"minecraft:farmland":2,"minecraft:sculk_vein":1,"minecraft:obsidian":6,"minecraft:spruce_trapdoor":9,"minecraft:granite":485,"minecraft:grass_block":1142,"minecraft:brown_wool":16,"zombie_extreme:deepslate_lead":1,"zombie_extreme:deepslate_thorium":1,"minecraft:light_gray_bed":3,"minecraft:deepslate_tile_stairs":1,"minecraft:oxeye_daisy":1,"minecraft:spawner":3,"minecraft:light_blue_stained_glass":21,"minecraft:tall_seagrass":1,"minecraft:magma_block":1,"farmersdelight:wild_rice":11,"minecolonies:blockconstructiontape":2,"minecraft:iron_ore":115,"farmersdelight:rice":20,"minecraft:cobbled_deepslate":13,"zombie_extreme:ore_steel":32,"minecraft:anvil":1,"minecraft:deepslate_lapis_ore":1,"minecraft:pumpkin":5,"minecraft:enchanting_table":1,"minecraft:sculk_shrieker":1,"zombie_extreme:deepslate_tin":2,"minecraft:iron_bars":5,"minecraft:light_gray_concrete":12,"minecraft:deepslate_brick_stairs":14,"farmersdelight:rice_panicles":12,"minecraft:spruce_slab":3,"zombie_extreme:washing_machine":3,"minecraft:quartz_block":34,"minecraft:smoker":1,"minecraft:amethyst_cluster":3,"minecraft:oxidized_cut_copper_stairs":1,"minecraft:torch":10,"minecraft:light_gray_terracotta":6,"minecraft:blast_furnace":1,"minecraft:calcite":8,"minecraft:melon":1,"minecraft:chest":11,"minecraft:white_stained_glass_pane":4,"farmersdelight:brown_mushroom_colony":1,"farmersdelight:cabbages":7,"minecraft:cobblestone":44,"minecraft:oak_planks":10,"minecraft:sugar_cane":99,"minecraft:bricks":9,"minecraft:wall_torch":15,"minecraft:weathered_cut_copper_stairs":20,"minecraft:deepslate_copper_ore":1,"minecraft:seagrass":1,"minecraft:stone_stairs":1,"zombie_extreme:metal_fence":1,"zombie_extreme:thorium_ore":12,"minecraft:wheat":89,"zombie_extreme:ore_ruby":4,"minecraft:light_gray_wool":25,"zombie_extreme:deepslate_steel":2,"minecraft:copper_block":11,"minecraft:stone_brick_stairs":2,"minecraft:wither_rose":1,"minecraft:grass":89,"minecraft:oak_log":275,"minecraft:beetroots":4,"minecraft:sand":44,"minecraft:dirt":65,"minecraft:smooth_basalt":7,"minecraft:deepslate":2752,"minecraft:oak_leaves":9,"minecraft:tuff":283,"farmersdelight:onions":22,"minecraft:blue_stained_glass_pane":2,"minecraft:potted_wither_rose":1,"minecraft:deepslate_diamond_ore":21,"minecolonies:blockhuttownhall":2,"farmersdelight:wild_carrots":23,"minecraft:mangrove_roots":1,"minecraft:gray_stained_glass_pane":6,"minecraft:spruce_fence":16,"minecraft:weathered_copper":7,"minecraft:white_stained_glass":4,"farmersdelight:tomatoes":18,"minecraft:spruce_leaves":16,"farmersdelight:red_mushroom_colony":1,"horror_element_mod:herobrine_head":1,"minecraft:hay_block":6,"farmersdelight:wild_onions":4,"minecraft:spruce_sapling":8,"minecraft:furnace":3,"minecraft:carrots":28,"zombie_extreme:ore_lead":1,"minecraft:andesite":339,"bunker_down:airlock_iron_trapdoor":1,"bunker_down:steel_vent":3,"zombie_extreme:wire":2,"minecraft:polished_deepslate":7,"minecraft:bookshelf":31,"minecraft:potatoes":82,"zombie_extreme:oil_shale_sand":17,"minecraft:stripped_oak_log":2,"minecraft:stone":3777,"zombie_extreme:radio_installation":2,"minecraft:white_wool":63,"minecraft:podzol":14,"zombie_extreme:ore_aluminum":14,"minecraft:scaffolding":1,"minecraft:glass_pane":2,"minecraft:spruce_door":2,"minecraft:stone_brick_slab":3,"minecraft:crafting_table":4,"minecraft:copper_ore":27,"minecraft:tall_grass":16,"minecraft:lapis_ore":4,"minecraft:deepslate_gold_ore":8,"minecraft:cracked_deepslate_bricks":2,"minecraft:diorite":173,"farmersdelight:wild_beetroots":1,"minecraft:cobblestone_wall":2,"zombie_extreme:ore_tin":21,"minecraft:sweet_berry_bush":5,"minecraft:spruce_log":2366,"horror_element_mod:human_remains":4,"minecraft:yellow_bed":4,"k_turrets:titanium_ore":16,"minecraft:coal_ore":98,"minecraft:gravel":50,"minecraft:cobweb":6,"minecraft:cracked_stone_bricks":10,"minecraft:stone_bricks":110,"minecraft:mossy_stone_bricks":9,"minecraft:gold_ore":21},"minecraft:used":{"minecraft:polished_deepslate":4,"minecraft:spruce_slab":29,"minecraft:ladder":16,"farmersdelight:cabbage_seeds":6,"minecraft:chest":94,"minecraft:iron_sword":2,"minecraft:stone":180,"minecraft:grass":3,"minecraft:weathered_copper":7,"minecraft:carrot":55,"minecraft:deepslate_brick_slab":5,"zombie_extreme:steel_pickaxe":390,"horror_element_mod:human_remains":4,"minecraft:bricks":1,"minecraft:lantern":1,"minecraft:quartz_block":6,"minecraft:stone_brick_stairs":40,"minecraft:stone_bricks":171,"minecraft:sweet_berries":12,"farmersdelight:cutting_board":2,"zombie_extreme:green_apple":1,"minecraft:oak_sapling":2,"minecraft:furnace":15,"minecraft:potato":69,"bunker_down:steel_vent":2,"minecraft:diorite":8,"minecraft:spruce_door":4,"minecraft:stone_pickaxe":233,"minecraft:sugar_cane":53,"minecraft:wooden_pickaxe":6,"minecraft:diamond_axe":780,"farmersdelight:pumpkin_slice":28,"minecraft:sand":22,"minecraft:blast_furnace":1,"minecraft:light_gray_terracotta":4,"farmersdelight:rice":20,"minecraft:shears":43,"minecraft:deepslate_brick_stairs":112,"zombie_extreme:radio_installation":1,"minecraft:bread":17,"minecraft:deepslate":15,"minecraft:gravel":7,"minecraft:andesite":3,"projectarsenal:ar15_classic":1612,"zombie_extreme:butcher_knife":514,"minecraft:enchanting_table":2,"minecraft:stone_sword":20,"minecraft:spruce_planks":291,"vanillaplustools:stone_hammer":947,"minecraft:stone_hoe":178,"minecraft:torch":65,"minecraft:dirt":228,"minecraft:anvil":1,"minecraft:stone_stairs":3,"minecraft:spruce_fence":299,"minecraft:bookshelf":43,"minecraft:iron_axe":702,"zombie_extreme:steel_shovel":275,"spartanweaponry:iron_rapier":1,"minecraft:melon_seeds":4,"minecraft:deepslate_tile_stairs":1,"zombie_extreme:soda":1,"farmersdelight:tomato_seeds":6,"minecraft:cobbled_deepslate":34,"minecraft:enchanted_golden_apple":20,"minecraft:light_gray_bed":3,"minecraft:wheat_seeds":80,"minecraft:water_bucket":84,"minecraft:baked_potato":65,"minecraft:stonecutter":1,"zombie_extreme:chips":4,"farmersdelight:onion":28,"vanillaplustools:stone_shovel":182,"minecraft:crafting_table":8,"zombie_extreme:washing_machine":3,"minecraft:white_bed":3,"minecraft:spruce_log":99,"minecraft:smoker":1,"thirst:terracotta_water_bowl":147,"minecraft:oak_log":100,"farmersdelight:apple_cider":6,"minecraft:flower_pot":1,"minecraft:iron_pickaxe":149,"minecraft:spruce_trapdoor":57,"minecraft:spruce_sapling":255,"minecraft:stone_axe":1642,"minecraft:cobblestone":245,"minecraft:potion":2,"minecraft:white_banner":1,"minecraft:bucket":89,"minecraft:cooked_porkchop":3,"horror_element_mod:herobrine_head":1,"minecraft:yellow_bed":3,"minecraft:wither_rose":1,"minecraft:stripped_oak_log":50},"minecraft:custom":{"minecraft:animals_bred":14,"minecraft:interact_with_crafting_table":109,"minecraft:open_barrel":10,"minecraft:leave_game":26,"minecraft:time_since_death":85303,"minecraft:damage_resisted":198,"minecraft:sprint_one_cm":1463710,"minecraft:drop":358,"minecraft:play_time":820070,"minecraft:deaths":60,"minecraft:jump":8341,"minecraft:walk_on_water_one_cm":134653,"minecraft:enchant_item":1,"minecraft:interact_with_furnace":143,"minecraft:sleep_in_bed":35,"minecraft:damage_dealt":26833,"minecraft:player_kills":2,"minecraft:crouch_one_cm":43542,"minecraft:interact_with_smoker":7,"minecraft:interact_with_anvil":4,"minecraft:mob_kills":388,"minecraft:damage_dealt_resisted":5048,"minecraft:climb_one_cm":64193,"minecraft:walk_one_cm":2766467,"minecraft:sneak_time":32099,"minecraft:walk_under_water_one_cm":89728,"minecraft:boat_one_cm":26566,"minecraft:interact_with_blast_furnace":10,"minecraft:total_world_time":820070,"minecraft:pot_flower":1,"minecraft:interact_with_stonecutter":15,"minecraft:time_since_rest":8607,"minecraft:damage_absorbed":360,"minecraft:damage_taken":20535,"minecraft:trigger_trapped_chest":4,"minecraft:swim_one_cm":125262,"minecraft:fly_one_cm":1453994,"minecraft:open_chest":312,"minecraft:fall_one_cm":109804}},"DataVersion":3120}